country_id,name,name_norm,place,lon,lat
116,ក រ ងស ទ ងត រ ង,krungsdyngtraeng,city,105.9712397,13.5316927
116,ស រ ក ស មប ង,sruk siempaang,town,106.3868945,14.1163575
116,ស រ កល ផ ត,srukl phaat,town,106.9736284,13.4998503
116,ស រ កវ នស,srukvoensai,town,106.8137949,13.9720878
116,ក រ ងស ទ ងស ន,krungsdyngsaen,city,104.8891082,12.7126242
116,ក រ ងស រ ស ភ ណ,krungsiriisoobhnn,city,102.9700274,13.5884004
116,ក រ ងប ត ដ បង,krungpaatt png,city,103.1966659,13.0998526
116,ស រ ក គ ល ន,sruk guulaen,town,104.6996781,13.818762
116,ក រ ងព រ វ ហ រ,krungbr vihaar,city,104.9815398,13.8044734
116,ក រ ងស នមន រម យ,krungsaenmnoormy,city,107.1865184,12.4568561
116,ភ ម ស គន,bhuumisgn,village,105.0756492,12.0589477
116,ក រ ងក ពង ច ម,krungk bngcaam,city,105.4628346,11.9921855
116,ស រ កអន លង វ ង,srukqnlngvaeng,town,104.0812013,14.2331742
116,ក រ ងស មរ ប,krungsiemraap,city,103.8590321,13.3617562
116,ភ ម ស ទ ងចក,bhuumi sdyngck,village,103.3898912,12.8554338
116,ប រម យ,prmooy,town,103.0973341,12.3069743
116,ក ប,kaep,city,104.3144082,10.4846391
116,ក ពត,k bt,city,104.1810212,10.6099141
116,Preah Meas,preah meas,village,106.877582,12.6156728
116,ឃ ម ម ង,ghu memng,village,106.9309687,12.5814971
116,ព រ ស ហន,br siihnu,city,103.5223365,10.6220485
116,หาดเล ก,haadelk,village,102.9083669,11.6528617
116,ក រ ងដ នក វ,krungtuunkaev,city,104.7830181,10.9875805
116,Sralau,sralau,village,105.5964863,13.7753664
116,Srei Pang,srei pang,village,106.3731447,13.1677665
116,Chư Sen,chu sen,village,105.231629,13.5697186
116,ស រ កជ យស ន,srukjysaen,town,105.2588244,13.6510167
116,Ba Nev,ba nev,village,107.1086898,13.7744061
116,Sra Ngue,sra ngue,village,102.9515398,13.9916672
116,Srae Loa,srae loa,village,102.9830769,13.9336905
116,ស រ កស វ យល,sruksvaayloe,town,104.2427865,13.5473769
116,ឃ ត ស ម,ghu taasiem,village,104.2485422,13.6295432
116,ប ងម ល,pyngmaalaa,village,104.2287539,13.4684285
116,Rovieng Cheung,rovieng cheung,village,105.1113482,13.3326637
116,Savabay,savabay,hamlet,107.1599761,14.2283778
116,Krang,krang,village,104.4567697,13.375263
116,Khvav,khvav,hamlet,104.4828228,13.4190968
116,Kdak,kdak,village,104.7101692,13.6550407
116,Mrech,mrech,village,104.6135894,13.5793212
116,Chansar Khang Cheung,chansar khang cheung,village,104.3514216,13.370889
116,Chong Sdan,chong sdan,village,104.4122283,13.4254394
116,ប វ ត,paavit,city,106.1365611,11.0638396
116,ក រ ងប ល ន,krungpailin,city,102.6051776,12.8551384
116,ក រ ងក រច,krungkrce,city,106.0200894,12.4889566
116,ចន ទ រ,cndraa,village,106.0794659,10.8706193
116,ទ លស ដ,dualstii,village,106.1293824,10.8826441
116,ដ នទ ត,tuunduat,village,104.6573611,10.9482442
116,Toek Sok,toek sok,village,102.8362076,12.5101265
116,ស រ កត រ កក,sruktraa kk,town,104.6649599,11.0065848
116,ច ក,cek,village,104.5135392,11.2588893
116,ព រ ម លប,br mlp,village,104.585799,11.208934
116,ឃ ព រ កត នង,ghu braektaanng,village,105.28461,11.9013183
116,ស រ កក ស ទ ន,srukkoo suudin,town,105.4399467,11.8823352
116,Chumtang Luoch,chumtang luoch,village,102.6296529,12.6583019
116,ឃ ក ព ញ,ghu k beny,town,103.6172817,10.742719
116,ក រ ងខ មរភ ម ន ទ,krungkhemrbhuumind,city,102.9818592,11.6110095
116,ស រ កទ កផ ស,srukdykphus,town,104.5259324,12.052069
116,ធ លក,dhlk,village,105.5217471,11.4831657
116,ក ប ស,k paas,village,106.1773349,11.9350743
116,ឃ ស ព,ghu sbyy,village,105.3310889,12.3303148
116,ឃ ក រ ក,ghu kraek,village,105.9304438,11.7667471
116,ស រ កពញ ក រ ក,srukbnyaakraek,town,105.8777537,11.7937455
116,ក ដ លក រ ម,ktulkroom,village,106.3376936,11.8929369
116,ស រ កអ ររ ងឪ,srukquurraa nguuv,town,105.5020062,11.7951086
116,ព រ ស វ យ,braisvaay,village,105.419635,11.6808935
116,ឃ ព រ ទ ង,ghu braidyng,village,105.3658658,11.7327549
116,អន លង សរ,qnlngsr,village,105.3672228,11.8251
116,ស រ កត ប រ,srukt paer,town,105.8900919,12.0178626
116,ក រ ង ស ង,krung suang,town,105.6532755,11.9114877
116,ឃ ដ នត,ghu tuuntii,village,105.7217814,11.755725
116,ស រ ក កញ ជ រ ច,sruk knyjriec,town,105.5581607,11.6889825
116,ស រ កក ច យម រ,srukk caaymaar,town,105.662875,11.5744182
116,Dang Kda,dang kda,village,105.2737333,12.5914045
116,Andong,andong,village,105.5710316,12.5592707
116,អ ព ល,q bil,village,105.8114365,11.6434877
116,ស ទ,suudai,village,106.1544867,11.7529894
116,ឃ ជ ក រវ ន,ghu jaa krvien,village,106.3387138,11.7673982
116,ស រ ក ម មត,sruk memt,town,106.1767776,11.822536
116,ស ទ,saadu,village,106.3799697,11.7081719
116,Kbal Chuor,kbal chuor,village,106.0337334,12.6104239
116,ស រ កក ពង ត រឡ ច,srukk bngtrlaac,town,104.7136203,11.9384963
116,Tbeng Khpuos,tbeng khpuos,village,104.6562483,11.7909556
116,Sandan,sandan,village,106.0292872,12.6959412
116,Krieng,krieng,village,105.9683029,12.6383239
116,ស រ កស មគ គ ម នជ យ,sruksaamggiimaanjy,town,104.6041473,11.8772162
116,Banteay Khmer,banteay khmer,village,104.570267,11.61922
116,Ampil Phsem,ampil phsem,village,104.5273902,11.5666775
116,ឃ ក ស មក ស ន ដ,ghu ksemksaant,village,104.6974682,11.679069
116,ក រ ងព រ វ ង,krungbraivaeng,city,105.3251212,11.4826844
116,ក រ ងរល ស,kraa ngrluas,village,104.6650579,11.4438046
116,ស រ កអង គស ន ល,srukqnggsnual,town,104.7157787,11.5078333
116,ក រ ងក ពង ឆ ន ង,krungk bngchnaa ng,city,104.6658389,12.2536026
116,គគ រ ស,ggruas,village,104.6472379,11.3571798
116,ស រ កគងព ស,srukgngbisii,town,104.6269758,11.2894108
116,Peak Chamlak,peak chamlak,village,106.0541833,12.3361685
116,ស រ ក ព រ កប រសព វ,sruk braekprsbv,town,106.0298985,12.3504569
116,Kaoh Chreng,kaoh chreng,village,106.0387314,12.3748697
116,Roha,roha,village,105.9555399,12.4670993
116,Prek Chik,prek chik,hamlet,105.9766081,12.5152654
116,ស វ យរ ង,svaayrieng,city,105.800289,11.083888
116,Khsim,khsim,village,106.4089424,12.3034945
116,Phum Stoeng Veng,phum stoeng veng,hamlet,102.9835077,11.5877896
116,ស រ កមណ ឌលស ម,srukmnndlsiimaa,town,102.9539371,11.5698303
116,ស រ កអង គរជ យ,srukqnggrjy,town,104.6545648,10.8393757
116,Kirivung,kirivung,village,102.9427811,11.7732127
116,Veang Kham,veang kham,hamlet,106.8715619,14.2627318
116,Pu Chri,pu chri,village,107.2242886,12.6787476
116,ភ ម តន ហន,bhuumitnhn,village,104.590817,10.5366239
116,ភ ម លក,bhuumilk,village,104.4369688,10.4464053
116,Stung Tro,stung tro,village,105.8589742,12.3627824
116,Sre Pou,sre pou,village,105.8571782,12.533849
116,Srei Mat,srei mat,village,107.1782905,13.3115166
116,ឃ ទ កថ ល,ghu dykthlaa,village,105.4509218,11.3820685
116,Thman Koul,thman koul,village,107.3017744,13.3119593
116,ស រ កព មរក,srukbaamrk,town,105.2809166,11.3186652
116,ស រ កប ភ ន,srukpaabhn,town,105.3989267,11.2580467
116,ស រ ក ក ពង ត រប ក,sruk k bngtrpaek,town,105.4780783,11.1401552
116,ស រ កម ស ង,srukmesaang,town,105.5766407,11.3247044
116,ឃ គ ខ ចក,ghu gookhck,village,105.5495047,11.1923893
116,ក រច ប,krcaap,village,105.4580412,11.0210944
116,ស រ កព រ ស ដ ច,srukbr stec,town,105.3769965,11.1187656
116,ឃ ល វ,ghu lvaa,village,105.3888088,11.1707184
116,Ph Kămpa Du,ph kampa du,village,107.4385651,13.7547124
116,Leu,leu,hamlet,107.1377519,14.3068025
116,ប យប ត,pooypaet,city,102.5708301,13.6593962
116,ភ ម ប រទ ប យ,bhuumiprdpaay,hamlet,103.7777082,13.4196132
116,Rumpung,rumpung,village,103.6666,13.6606532
116,Kok Thmei,kok thmei,village,103.6786325,13.6827304
116,ភ ម ទ ព ង,bhuumid buung,hamlet,103.743594,13.6128169
116,Kok Snuol,kok snuol,village,103.7420765,13.6818249
116,Andoung Chas,andoung chas,village,103.7604774,13.6871267
116,ភ ម ត រព ងធ,bhuumitrbaa ngdh,hamlet,103.774688,13.556188
116,ភ ម ព ក ស នងច ស,bhuumibaaksaenngcaas,hamlet,103.8646676,13.5790412
116,ភ ម អង គរក រ,bhuumiqnggrkrau,hamlet,103.8346663,13.4671575
116,រ ជធ ន ភ ន ព ញ,raajdhaaniibhn beny,city,104.9224426,11.568271
116,លល,llai,village,103.9739761,13.354857
116,New Life Community,new life community,hamlet,104.770996,11.7814509
116,Soay Sar,soay sar,village,102.8132013,12.8515297
116,Phum Boeung Khun Chhang,phum boeung khun chhang,village,102.9623746,11.5670383
116,ស រ កមង គលប រ,srukmngglpuurii,town,102.9791567,13.4940861
116,ក រ ងព ធ ស ត,krungboodhisaat,city,103.9178235,12.5377547
116,Rovieng,rovieng,hamlet,103.5414628,12.3089225
116,Srae Ampum,srae ampum,village,107.3400515,12.546459
116,Kaoh Peak,kaoh peak,village,106.9003198,14.0327627
116,Chinese Village,chinese village,village,106.8010655,13.9652829
116,ភ ម អណ ត ងឫស ស,bhuumiqnntuungryssii,village,104.6318335,12.2469711
116,ឃ អ រស ម,ghu quursoom,village,103.2088269,12.0822675
116,Preo Pee,preo pee,hamlet,103.0806411,12.5413339
116,Ban Hang Khon,ban hang khon,hamlet,105.9483112,13.938439
116,ឧដ ង,utung,town,104.7400419,11.8210927
116,ភ ម ទន ល ប ទ,bhuumidnlepaadii,hamlet,104.8445569,11.336259
116,ក ពង ឃ ល ង,k bngghlaa ng,village,104.1263131,13.1063878
116,ឃ ក ជ វ ង,ghu koo jiivaa ng,village,103.6591253,13.2405052
116,ឃ ប សខ ន រ,ghu puskhnur,village,105.32127,12.1793248
116,ឃ ក ពង ថ ម,ghu k bngthm,village,105.1265537,12.5004068
116,DK,dk 27,hamlet,104.8032362,11.4458388
116,ឃ ឫស ស ជ រ យ,ghu ryssiijrooy,village,105.0041847,11.7867958
116,ស រ ក សន ទ ក,sruk snduk,town,105.049388,12.5628043
116,ឃ ដ ដ ក,ghu t taek,village,104.1219699,13.2459296
116,ឃ ឃ នរ ម,ghu ghunraam,village,104.0003567,13.6519904
116,Chuk Sou,chuk sou,village,103.9854756,13.6162409
116,ស រ ក ព ក,sruk buak,town,103.7279739,13.4412096
116,ស រ កព រ ន ត រព រ,srukbr netrbr,town,103.2766571,13.5746664
116,Phnum Lieb,phnum lieb,hamlet,103.3552148,13.5963324
116,ស វ យដ នក វ,svaaytuunkaev,town,103.6414051,12.6723546
116,ភ ម ពន ល,bhuumibnlai,village,104.4616136,12.4386835
116,បត គគ រ,ptggiir,village,103.7635896,10.5829106
116,ឃ រក ក ង ទ,ghu rkaakoong dii 2,village,104.9800047,11.8411311
116,ឃ ជ ល,ghu jaalaa,village,104.9291344,11.9126469
116,ស វ យពក,svaaybk,hamlet,104.9530793,11.9976165
116,ឃ ព រ កអញ ច ញ,ghu braekqnycaany,village,104.9686607,11.7367562
116,ឃ ផ អ វ,ghu phqaav,village,104.9647889,12.0284932
116,ច បក,c pk,village,105.0897137,12.1293716
116,ឃ ស ពងជ យ,ghu s bngjy,village,105.1226345,12.1917674
116,ឃ ស ដ ងជ យ,ghu stoengjy,village,105.0711401,12.0984948
116,ឃ កក,ghu kkoo,village,104.9916011,12.6254849
116,Cheay Sampov,cheay sampov,village,105.0126078,12.845689
116,ស រ កស ទ ង,sruksdoong,town,104.5716049,12.9389734
116,Krachap,krachap,village,102.7476926,12.7568948
116,ភ ម អ រដ បង,bhuumiquurt png,hamlet,103.21764,13.0718688
116,ស រ កក រគរ,srukkrgr,town,104.2100448,12.5287279
116,ស រ ក ក ពង ត រ ច,sruk k bngtraac,town,104.4678996,10.5571918
116,ឃ អង គត ស ម,ghu qnggtaasoom,village,104.6732034,11.0130714
116,Phsar Prom,phsar prom,village,102.4975002,12.9287496
116,เทพน ม ตร,ethphnimitr,village,102.4581675,13.0358015
116,Ta Seng,ta seng,village,104.7809777,13.4050136
116,ក ខ យង,koo khyng,village,103.7882796,10.5360562
116,ស រ កស ទ ងត រង,sruksdyngtrng,town,105.5388356,12.2571813
116,ឃ ព មជ កង,ghu baamjiikng,village,105.2690367,11.9451152
116,ឃ ស រភ,ghu suurbhii,village,104.7074123,11.2874239
116,บ านแหลม,baanaehlm,hamlet,102.4451197,13.0830387
116,ឃ ស រអ ម,ghu srqaem,village,104.7236913,14.2524458
116,ស រ កត រព ងប រ ស ទ,sruktrbaa ngpraasaad,town,104.3562242,14.1953083
116,Rovieng Tbong,rovieng tbong,village,105.1149588,13.3548382
116,Daung,daung,village,102.4465797,13.0891615
116,Kla Kra Him,kla kra him,hamlet,104.8881292,10.5953787
116,Khla Krohuem Ka,khla krohuem ka,hamlet,104.8686633,10.7730992
116,ក រ ងប នល ង,krungpaanlung,city,106.9873662,13.7414754
116,ក រ ងត ខ ម,krungtaakhmau,city,104.9451162,11.4687395
116,Mlu Prey,mlu prey,village,105.274684,13.8073036
116,Sam Ang,sam ang,village,105.8515458,13.6969253
116,Tani,tani,village,104.6629872,10.7771671
116,ឃ ទ កម ស,ghu duukmaas,village,104.5612838,10.6655426
116,Tang Khiev Community,tang khiev community,hamlet,104.7696911,11.784805
116,ឃ ព រ ល វ,ghu brailvaa,village,104.9587343,11.1624021
116,សហគមន ប ងកក,shgmn pyngkk,hamlet,104.9132564,11.5829062
116,ស រ ក ប ធ យ,sruk paadhaay,town,104.9457831,11.9931056
116,ស រ ក ឆ ល ង,sruk chluung,town,105.9606057,12.2570238
116,ក ពង រ ង,k bngraa ng,village,105.9388905,12.1935507
116,ប ស,poes,village,105.6983071,12.2502278
116,ស រ ក ក រ ចឆ ម រ,sruk kruucchmaar,town,105.6499844,12.2739218
116,ឃ ក ព រ,ghu koo biir,village,105.5466077,12.1411778
116,ស រ ស ម,sraesiem,village,105.5446691,11.9446167
116,ឃ ជប,ghu jp,village,105.6254787,11.914365
116,ឃ ព មជ ល ង,ghu baamjiilaa ng,town,105.5475981,12.0982674
116,ឃ ស រឡប,ghu srlp,village,105.7420154,11.8769066
116,ឃ កណ ដ លជ រ,ghu knntooljru,village,105.7823332,11.8286792
116,ស រ ក ស ន ល,sruk snual,town,106.4204015,12.0722176
116,ខ ជ យ,khjaay,village,106.2761656,11.8252177
116,Sre Romduol,sre romduol,village,106.3735014,11.9660489
116,Kbal Trach,kbal trach,village,106.3987999,12.0347981
116,Kbal Chrum,kbal chrum,village,106.4037201,12.0169992
116,អ រអ ម,quurqaam,village,106.8863722,12.1122304
116,ឃ ម សរជ រ,ghu mesrjrai,village,105.4127089,12.2996807
116,ភ ន អ ព ល,bhn q bil,hamlet,105.4600355,12.2915735
116,Kchao village,kchao village,village,105.4246988,12.9018586
116,Runteah village,runteah village,village,105.4241624,12.9416177
116,ស រ កម ងឫស ស,srukmoongryssii,town,103.4486415,12.775758
116,Tippedey,tippedey,village,103.2689562,12.8595665
116,Chamka Bei,chamka bei,village,104.3921456,10.5777516
116,Ta Nuk,ta nuk,village,103.1489974,12.9493748
116,Sdey,sdey,village,103.2232224,12.9520267
116,Robas Thnung,robas thnung,village,103.2994331,12.9733858
116,ខណ ឌដ នព ញ,khnndtuunbeny,town,104.9194273,11.5772693
116,ខណ ឌ មករ,khnnd7mkraa,town,104.9106689,11.5637649
116,ខណ ឌច ក រមន,khnndc kaarmn,town,104.9208767,11.5373071
116,ខណ ឌម នជ យ,khnndmaanjy,town,104.8984702,11.5315089
116,ខណ ឌទ លគ ក,khnnddualgook,town,104.8996872,11.5738692
116,ខណ ឌដង ក,khnndtngkoo,town,104.891422,11.5057732
116,ខណ ឌព ធ ស នជ យ,khnndboodhisaenjy,town,104.826722,11.5538562
116,ខណ ឌឫស ស ក វ,khnndryssiikaev,town,104.9037583,11.6287927
116,ខណ ឌស នស ខ,khnndsaensukh,town,104.8692475,11.5785557
116,ខណ ឌព រ កព ន,khnndbraekbnau,town,104.8608617,11.6591915
116,ភ ម ក រ ងអង រ កង,bhuumikraa ngqngrkng2,hamlet,104.8417918,11.5830621
116,ភ ម ត រព ងអញ ច ញ,bhuumitrbaa ngqnycaany,hamlet,104.7883453,11.5816814
116,Community,community,hamlet,104.8574067,11.5662932
116,Community,community,hamlet,104.8494563,11.5657162
116,Community,community,hamlet,104.8476656,11.5643839
116,Sre Ompel Community,sre ompel community,hamlet,104.8455339,11.5656152
116,សង ក ត ប ងត រប ក,sngkaatpyngtrpaek,hamlet,104.9224142,11.5333734
116,O,o,hamlet,104.5120693,13.4235244
116,Pratheat,pratheat,village,104.4665532,13.3812769
116,Phaang,phaang,hamlet,103.6238158,14.3016542
116,ក រ ងស រ ង,krungs roong,city,103.5092331,14.1758059
116,សង ក ត អ រស ម ច,sngkaatquursmaac,village,103.6947347,14.4158008
116,Pong Moan,pong moan,village,106.0745806,13.4324762
116,ឃ ជ ផ ត,ghu jiiphaat,village,103.5089573,11.313906
116,บ านช องบก,baanch ngbk,village,105.198871,14.3487113
116,ស រ កជ ក ស ន ដ,srukjaa ksaant,town,104.9430841,14.2172713
116,ឃ គ កមន,ghu gookmn,village,103.2813975,14.1617182
116,Sala Vichey,sala vichey,village,104.9445408,12.9508636
116,ឃ ស ព នត ន ត,ghu sbaantnoot,village,104.3976054,13.0910779
116,រក ក ប ត,rkaak put,village,104.00841,13.3366983
116,Rong Pok,rong pok,village,102.8689959,12.7218056
116,Kouk Kdouch,kouk kdouch,village,103.0919094,13.2657601
116,Sdao,sdao,village,102.9728983,12.8917967
116,Sneung,sneung,village,103.0506744,12.9670247
116,ត រ ង,traeng,village,102.8957819,12.8348787
116,ឃ អណ ដ ងទ ក,ghu qnntuungdyk,village,103.4756351,11.1867776
116,ស រ កស រ អ ប ល,sruksraeq pil,town,103.7475251,11.1238475
116,Pang Rolem,pang rolem,village,102.7168934,12.8128474
116,ឃ ត រ ងត រយ ង,ghu traengtryyng,village,104.2126101,11.2772495
116,ឃ ម ក ក,ghu mkaak,village,104.7240956,11.6429433
116,ឃ វ លរ ញ,ghu vaalreny,village,103.8190054,10.705124
116,ຕະເງ າ,haengoaa,village,106.5373514,14.5937062
116,ស រ កក នស វ យ,srukkiensvaay,town,105.0499924,11.5099783
116,ភ ម ក វផ ស,bhuumikaevphus,village,103.7180696,10.8916702
116,ខណ ឌជ រ យចង វ,khnndjrooycngvaa,town,104.9092633,11.6586259
116,ស វ យ,svaay,village,105.0786729,11.7838444
116,Loa Ka,loa ka,village,107.1675107,12.4997551
116,Dak Dam,dak dam,village,107.3086604,12.4208076
116,ស រ កក ញ ក,srukkoo nyaek,town,107.0451837,13.0803581
116,ស រ កអ រជ,srukquurju,town,106.992574,13.8018346
116,Tịnh Biên,tinh bien,town,104.948645,10.6072814
116,ບ ານພ ເກ ອ,baanphuuekyy,hamlet,107.5500076,14.7055473
116,Ban Ke Toch,ban ke toch,hamlet,106.6542205,13.9862288
116,Samong,samong,village,106.4961717,14.072709
116,Rolung,rolung,village,107.2385483,12.4856164
116,ស រ កស ប រ,sruks puur,town,105.965196,12.7751998
116,ស រ កបរក វ,srukprkaev,town,107.2144802,13.6868898
116,Kamlot,kamlot,village,103.710649,11.4619301
116,ឃ អរ យក សត រ,ghu qriykstr,village,104.9648882,11.572519
116,ឃ ប ង,ghu pyng,village,105.1185656,12.4291778
116,Kampi,kampi,village,106.0240734,12.6145205
116,Reang Kesey,reang kesey,village,103.2597071,12.9718213
116,ភ ម ស វ យ ក ង,bhuumi svaay kaang,village,103.2536138,13.0644715
116,ខណ ឌច ប រអ ព,khnndcpaarq bau,town,104.9668882,11.5229097
116,ឃ អ នកល ង,ghu qnklyang,town,105.2868449,11.2640905
116,Chumnik,chumnik,village,103.2402743,13.077104
116,Dong,dong,village,103.1513138,12.9683015
116,ភ ម ព ក ឆ ម រ,bhuumi buk chmaar,village,103.2691768,13.0521673
116,Chhak Rokar,chhak rokar,hamlet,102.7514974,12.6523997
116,Chisang,chisang,village,102.838959,12.8504913
116,Chrangleng,chrangleng,village,102.7691538,12.8464936
116,O Svay,o svay,village,103.0138945,12.9316909
116,Samlot,samlot,hamlet,102.7411029,12.6725277
116,Sre Andong,sre andong,hamlet,102.7768201,12.6440894
116,Ahlong Krasang,ahlong krasang,village,103.1459257,12.8741996
116,Sasar Pok,sasar pok,village,103.1397292,12.897284
116,Svay Cheat,svay cheat,village,103.2513564,12.9289052
116,Anlong Vil,anlong vil,village,103.2344302,13.0831945
116,ឈ ក,jhuuk,town,104.4548114,10.8359739
116,ភ ម ប ងឈ ក,bhuumipyngjhuuk,hamlet,104.9511005,11.5306947
116,ស រ ង,s roong,village,106.1285716,10.9283646
116,ស រ ក ត វ ង,sruk taavaeng,town,107.1080429,14.0472873
116,ស រ កអណ ដ ងម ស,srukqnntuungmaas,town,107.2970158,13.8662759
116,ស រ កអ រយ ដ វ,srukquuryaataav,town,107.3483187,13.6689224
116,ស រ កក នម,srukkuunmu,town,106.7722214,13.580944
116,ស រ កព រ ឈរ,srukbraijhr,town,105.2552028,12.055781
116,ឃ អង គរប រ,ghu qnggrpuurii,town,104.9753308,10.9958363
116,Prey Preng,prey preng,hamlet,104.8272391,11.5356022
116,Dal,dal,hamlet,107.3414021,13.8563868
116,Ta Lav,ta lav,hamlet,107.2498211,13.9314046
116,Taveng Krom,taveng krom,village,107.0764758,14.074159
116,Phak Nam,phak nam,village,106.9283975,13.9939243
116,Kalay,kalay,village,106.950504,13.8389613
116,Kachon,kachon,village,106.8435094,13.9697158
116,ភ ម រ ល,bhuumiroel,hamlet,103.7368357,13.541427
116,ភ ម រ ដ ល,bhuumir tual,hamlet,103.7842356,13.5465796
116,Kouk Trach,kouk trach,village,103.7567483,13.5440346
116,ភ ម ស រ,bhuumisr,hamlet,103.8023073,13.5728251
116,ភ ម ក ប លក រព,bhuumikpaalkrboe,hamlet,103.7730776,13.5412184
116,ភ ម គ កក ន ង,bhuumigookknaa ng,hamlet,103.7656962,13.5437217
116,ភ ម ត រព ងឫស ស,bhuumitrbaa ngryssii,hamlet,103.7291967,13.5351268
116,ត រព ងឈ ក,trbaa ngjhuuk,village,105.0932816,12.4331821
116,ស រ កគ រ ស គរ,srukgiriisaagr,town,103.1004568,10.9422524
116,ស រ កគ រ វង,srukgiiriivng,town,104.8767691,10.6400179
116,ស រ កក អណ ដ ត,srukkoo qnntaet,town,104.9482522,10.7965352
116,ឃ ច បក,ghu c pk,town,104.8119577,11.2407943
116,ស រ កស រ ង,sruks roong,town,104.8012079,11.1420911
116,ស រ កប រ ជលស រ,srukpuuriijlsaar,town,105.0179878,10.8340452
116,ស រ កទ រ ង,srukdraa ng,town,104.7770461,10.9067461
116,ស រ កក ធ,srukkoo dh,town,105.0555595,11.1256716
116,ស រ កល កដ ក,srukloektaek,town,105.2277136,11.1778929
116,ស រ កព មជរ,srukbaamjr,town,105.2245017,11.1079466
116,ស រ កស អ ង,sruksqaang,town,105.0035599,11.3579252
116,ស រ កល វ ឯម,sruklvaaem,town,105.0485316,11.5430427
116,ស រ កព រ ង,srukbaaraa ng,town,105.2289245,11.6633953
116,ស រ កស ធរកណ ដ ល,sruksiidhrknntaal,town,105.380774,11.7740666
116,ស រ កច ក រល,srukc kaarloe,town,105.2924357,12.3013417
116,ស រ កក ពង ស ម,srukk bngsiem,town,105.4271324,12.0210166
116,ស រ កកងម ស,srukkngmaas,town,105.2707989,11.9504688
116,ស រ ក ប រ យណ,sruk paaraaynn,town,105.0789445,12.3892868
116,ស រ កឆ ប,srukchaep,town,105.3308329,13.8833353
116,ស រ កក ពង ស វ យ,srukk bngsvaay,town,104.8249107,12.7915777
116,ស រ កប រ ស ទប គង,srukpraasaadpaagng,town,103.9978446,13.3421471
116,ស រ កប រ ស ទបល ល ង គ,srukpraasaadpllngg,town,104.941493,12.9782682
116,ស រ កប រ ស ទស ប រ,srukpraasaads puur,town,105.0679436,12.8857488
116,ស រ ករវ ង,srukrvieng,town,105.1084435,13.3488486
116,ស រ កសណ ដ ន,sruksnntaan,town,105.245985,13.1006423
116,ស រ កសង គមថ ម,sruksnggmthmii,town,104.9046589,13.5817856
116,ស រ កស ទ រន គម,sruksuudrnigm,town,104.1354139,13.2376056
116,ស រ កបន ទ យស រ,srukpndaaysrii,town,103.9643876,13.5922083
116,ស រ កអ ររ ង,srukquurraa ng,town,107.1645963,12.3320472
116,ស រ កព ជ រ ដ,srukbejraataa,town,107.427935,12.5392225
116,ស រ កស ស ន,sruksesaan,town,106.093824,13.5508885
116,ស រ កអង គរជ,srukqnggrju,town,103.6464558,13.6880963
116,ស រ កបន ទ យអ ព ល,srukpndaayq bil,town,103.1323394,14.2333944
116,ស រ ក បវ ល,sruk pvel,town,102.8425969,13.2706584
116,ស រ កច ងក ល,srukcungkaal,town,103.5702722,13.9544791
116,ស រ កក រឡ ញ,srukkrlaany,town,103.4129871,13.6053133
116,ស រ កម ឡ,srukmaalai,town,102.3709867,13.5609461
116,ស រ កភ ន ស រ ក,srukbhn sruk,town,103.3357732,13.7579963
116,ស រ កស រ ស ន,sruksriisn,town,103.5181766,13.8330562
116,ស រ កស វ យច ក,sruksvaaycek,town,102.961198,13.7837644
116,ស រ កថ មគ ល,srukthmgool,town,103.0875863,13.2601477
116,ស រ កថ មព ក,srukthmbuak,town,103.0544638,13.9494974
116,ស រ កវ រ ន,srukvaarin,town,103.7534813,13.7941068
116,ស រ កឯកភ ន,srukekbhn,town,103.2305121,13.1631918
116,ស រ កប ក ន,srukpaakaan,town,103.7904079,12.6030184
116,ស រ កប ណន,srukpaannn,town,103.1383063,12.9365949
116,ស រ កបរ ប ណ,srukpripuunnr,town,104.4623541,12.4389574
116,ស រ កក ពង ល ង,srukk bnglaeng,town,104.7254311,12.2741853
116,ស រ កភ ន ក រវ ញ,srukbhn krvaany,town,103.7641348,12.3505536
116,ស រ ករល ប អ រ,srukrlaapqier,town,104.6613026,12.2059838
116,ស រ ករតនមណ ឌល,srukrtnmnndl,town,102.9690465,12.8964202
116,ស រ ក ស ឡ ត,sruk s luut,town,102.8523788,12.6226916
116,ស រ កជលគ រ,srukjlgiirii,town,104.8815344,12.1593491
116,ខ ស ច កណ ដ ល,khsaacknntaal,town,105.0098024,11.7507302
116,ស រ កម ខក ព ល,srukmukhk buul,town,104.9664012,11.72978
116,ស រ កពញ ឮ,srukbnyaalyy,town,104.796792,11.8209392
116,ស រ កបរស ដ ឋ,srukprsettth,town,104.5305832,11.1480834
116,ស រ កជ គ រ,srukju girii,town,104.4190765,10.9239398
116,ស រ កដងទង,sruktngdng,town,104.4459825,10.7035925
116,ស រ កបន ទ យម ស,srukpndaaymaas,town,104.5588054,10.670846
116,ស រ កប ទ មស គរ,srukpudumsaagr,town,103.4626525,11.1910731
116,ឃ ក ពង ស ល,ghu k bngsiilaa,town,103.9032998,11.0992594
116,ឃ ព រ នប,ghu brainp,town,103.7958258,10.6524043
116,ស រ កឱរ ល,srukooraal,town,104.1254315,11.6908015
116,ស រ កថ ពង,srukthbng,town,104.3883965,11.7514274
116,ស រ កថ មប ង,srukthmpaa ng,town,103.438509,11.6893621
116,ស រ កជ ងព រ,srukjoengbrai,town,105.0694434,12.0514079
116,ស រ កវ លវ ង,srukvaalvaeng,town,103.1238576,12.234079
116,ស រ កក រ ង,srukk rieng,town,102.4816667,13.0891138
116,ស រ កភ ន ព រ ក,srukbhn bryk,village,102.3603916,13.3215597
116,ស រ ក ស ល ក រ,sruk saalaakrau,town,102.5966825,12.9420714
116,ស រ កស ព ល ន,sruks bauluun,town,102.393929,13.4316982
116,ស រ កស រ សន ធរ,sruksriisndhr,town,105.0858745,11.8363518
116,ស រ កថ ឡ បរ វ ត,srukthaalaaprivaat,town,105.941917,13.5717715
116,ស រ កអង គរធ,srukqnggrdh,town,103.8686747,13.4865427
116,ស រ កជ ក រ ង,srukjiikraeng,town,104.3391786,13.1297078
116,ឃ ក ពង ក ដ,ghu k bngktii,village,104.3364802,13.1238655
116,ស រ កអ រជ រ,srukquurjrau,town,102.7651907,13.6129122
116,ស រ ក ស វ យអន ទរ,sruk svaayqndr,town,105.4252384,11.5729124
116,ស រ កច ត រប រ,srukcitrpurii,town,106.1742334,12.4680352
116,ស រ ក ស មប ក,sruk siempuuk,town,105.9594206,13.3612164
116,ព រ កជ ក,braekjiik,village,103.3891161,12.643557
116,ស រ កសង ក,sruksngkae,town,103.2438673,13.0744566
116,ស រ កកណ ដ ង,srukknntieng,town,103.9571307,12.5898656
116,Samaki,samaki,hamlet,106.0313324,13.5792022
116,ភ ម ប ក ខ ង,bhuumipaakkhaeng,hamlet,104.9149303,11.6686444
116,ឃ ក ឧកញ ត,ghu koo uknyaatii,village,104.9401377,11.629877
116,ឃ ក អន លង ច ន,ghu koo qnlngcin,village,105.0238274,11.4634002
116,ស រ កត ប ងឃ ម,sruktpuungghmu,city,105.7756828,11.8914565
116,ឃ លង វ ក,ghu lngvaek,village,104.7465631,11.8703074
116,ថ នល បត,thnlpt,village,102.7375352,13.7693974
116,ជ គជ យ,joogjy,village,102.7029186,13.7621394
116,Kampong Phluk,kampong phluk,village,103.9738652,13.2112409
116,សង ក ត ទ លសង ក ទ,sngkaatdualsngkaedii1,village,104.912739,11.5916578
116,ភ ម ក រ ងស រ,bhuumikraa ngserii,village,104.3834166,11.3608916
116,ជ រ,jrai,village,105.1685733,11.6582984
116,Takao,takao,village,105.3644811,11.5250969
116,Tnal Chey,tnal chey,village,105.3610577,11.5610012
116,Po Puos,po puos,village,105.3759023,11.5509868
116,ខ ស ត ប ង,khsu tpuung,hamlet,105.1551532,11.6431977
116,ត ងរល ង,taa ngrlaang,hamlet,105.159486,11.6401453
116,ព រ ខ ល,braikhlaa,hamlet,105.169117,11.6446051
116,គគរ,ggr,hamlet,105.151799,11.6518702
116,Kompung Soeng,kompung soeng,village,105.3476581,11.2170797
116,Long Bình,long binh,town,105.0836353,10.9480534
116,Pong Teuk,pong teuk,village,105.8888806,13.4623161
116,Srae Nouy,srae nouy,village,104.0269742,13.8020354
116,บ านคลองหว า,baankhl nghwaa,village,102.3338,13.5042174
116,ស រ កទ កឈ,srukdykjhuu,town,104.2496624,10.6040823
116,ស រ កត ប ងម នជ យ,sruktpaengmaanjy,town,105.0217438,13.8569139
116,ស រ កព ធ រ ង,srukboodhirieng,town,105.3571127,11.5213787
116,ស រ កក ក ង,srukkoo kung,town,103.122046,11.4560302
116,Prey Khmer,prey khmer,village,104.6645152,12.171435
116,La Bang Pir,la bang pir,village,106.9747355,13.6079494
116,ឃ ទ រ ល,ghu driel,village,105.10717,12.3320015
116,ភ ម ក ត ច,bhuumikoo tuuc,village,103.272748,10.6660696
116,ក ស រឡ,koo srlau,village,103.0719723,11.4609776
116,Tribal mirror,tribal mirror,village,107.0010124,13.8173761
116,Loatian Village,loatian village,village,106.7920068,13.9525037
116,Tribal,tribal,village,106.9080583,14.0296378
116,ភ ម ក ពង ជ វ,bhuumik bngjvaa,hamlet,105.1647348,12.9344489
116,ច ងក ម នជ យប រម ត ជ,cungkoo maanjypaarmiitejoo,hamlet,104.9405322,11.5695415
116,Phum Kampong Chrey,phum kampong chrey,hamlet,104.8188475,10.7966979
116,ភ ម រង ស,bhuumirngsii,village,107.0401827,13.0760183
116,ភ ម ទ ល,bhuumidual,village,107.0191702,12.9994581
116,ភ ម ម នជ យ,bhuumimaanjy,village,107.0044074,13.0194503
116,ភ ម ព រ កដ,bhuumibraektaa,hamlet,104.9865582,10.9647821
116,ភ ម កណ ដ ងត ច,bhuumiknntyngtuuc,hamlet,104.842373,11.2902026
116,ភ ម ឱត ស ង,bhuumiootaasaa ng,hamlet,104.8459493,11.3025551
116,ឃ អង ក ញ,ghu qngkaany,village,104.8322133,10.8865424
116,ឃ អង គខ ន រ,ghu qnggkhnur,village,104.8309913,10.8576098
116,ឃ ជ ខ ម,ghu jiikhmaa,village,104.7983052,10.8059315
116,ឃ ខ វ វ,ghu khvaav,hamlet,104.7174814,10.9005004
116,ឃ ប រ ប ម,ghu praa piimu,village,104.7824997,10.8426624
116,ឃ ព រ ស ល ក,ghu braislyk,village,104.7802661,10.8941031
116,ឃ រន ម,ghu rnaam,village,104.7506177,10.9333266
116,ឃ ស ប រ,ghu s puar,village,104.8856448,10.9372704
116,ឃ សន ល ង,ghu snlung,village,104.7513378,10.7978826
116,ឃ ស ម ង,ghu smoong,village,104.8364855,10.8004948
116,ឃ ស រង,ghu srngae,village,104.8292648,10.9572218
116,ឃ ធ លក,ghu dhlk,village,104.810425,10.9097849
116,ឃ ត រឡ ច,ghu trlaac,village,104.8368503,10.829381
116,ឃ អង គក វ,ghu qnggkaev,village,104.7408709,10.8609481
116,ភ ម សង ក បង វ,bhuumisngkaepngvae,hamlet,104.7161018,10.7838366
116,ភ ម អណ ដ ងធ,bhuumiqnntuungdh,hamlet,104.7509022,10.716751
116,ភ ម ពងអណ ត ក,bhuumibngqnntoek,hamlet,104.9943024,10.6938281
116,ភ ម ត ផ ន,bhuumitaaphaan,hamlet,104.9621146,10.6900261
116,ភ ម ព រ ប យ,bhuumibraipaay,hamlet,104.967434,10.6890047
116,ភ ម ត ញ ម,bhuumitaanyym,hamlet,104.9644848,10.6868614
116,ភ ម ត ហ ន,bhuumitaahien,hamlet,104.9679966,10.6850325
116,ភ ម ត ភ ន,bhuumitaabhin,hamlet,104.9670221,10.6825269
116,ភ ម ជ យជ គ,bhuumijyjoog,hamlet,105.025979,10.69179
116,ភ ម គ កបញ ច រ,bhuumigookpnycaar,hamlet,105.052986,10.6970039
116,ភ ម ក ត លជ រ,bhuumiktuljr,hamlet,105.0733937,10.710685
116,ភ ម ថ មប ដ,bhuumithmpiitu,hamlet,105.0935843,10.7342568
116,ភ ម សង គមម នជ យ,bhuumisnggmmaanjy,hamlet,105.0528832,10.7507038
116,ភ ម ប រ ជលស,bhuumipuriijlsaa,hamlet,105.0646225,10.7682127
116,ភ ម ក ពង ក រស ង,bhuumik bngkrsaa ng,hamlet,105.0566011,10.7980435
116,ភ ម អង គក រ ច,bhuumiqnggkruuc,hamlet,104.9480746,10.8547347
116,ភ ម ឡទ កត រ,bhuumildyktrii,hamlet,104.9823467,10.8503005
116,ភ ម ព រ ម ល,bhuumibraimluu,hamlet,104.925259,10.7349872
116,ភ ម អ ង,bhuumiqung,village,103.6187095,10.5085901
116,ភ ម ធ ម,bhuumidhmaa,village,104.8075184,11.0673763
116,ភ ម ត រព ងល ក,bhuumitrbaa ngloek,hamlet,104.8154717,10.7992715
116,សង ក ត ពញ ពន,sngkaatbnyaabn,village,104.7929146,11.6551695
116,ភ ម ធ,bhuumidh,hamlet,104.8001779,11.6625448
116,ភ ម ព រ ពង រ,bhuumibraibngr,hamlet,104.7700349,11.6589716
116,ភ ម ត រព ងអ ព ល,bhuumitrbaa ngq bil,hamlet,104.768812,11.64882
116,ភ ម ស វ យឧត តម,bhuumisvaayuttm,hamlet,104.7596979,11.6503207
116,ភ ម ថ នល បន ទ យ,bhuumithnlpndaay,hamlet,104.7686949,11.6441668
116,ភ ម ត រព ងទទ ង,bhuumitrbaa ngddyng,hamlet,104.7677233,11.6377707
116,សង ក ត ពន ស ង,sngkaatbnsaa ng,village,104.7648233,11.6333603
116,ភ ម ដ មច ន,bhuumitoemcaan,hamlet,104.7610534,11.6269443
116,ភ ម ត គល,bhuumitaagl,hamlet,104.7631339,11.622598
116,ភ ម ព រ ស វ យ,bhuumibraisvaay,hamlet,104.7675782,11.6211182
116,ភ ម ក រង ង,bhuumikoo rngieng,hamlet,104.7799115,11.6233599
116,ភ ម ទ លពន ស ង,bhuumidualbnsaa ng,hamlet,104.7489967,11.6179337
116,ភ ម ត ន តខ ពស,bhuumitnootkhbs,hamlet,104.7553202,11.60958
116,ភ ម ត ស គរ,bhuumitaasgr,hamlet,104.7506704,11.6083371
116,ភ ម ព រ ស ន ល,bhuumibraisnual,hamlet,104.7462161,11.6105301
116,ភ ម ប ងខ ន,bhuumipyngkhn,hamlet,104.7571021,11.598151
116,ភ ម ត រព ងថ ល ន,bhuumitrbaa ngthlaan,hamlet,104.7397233,11.6002171
116,ភ ម ត រព ងស គ ន,bhuumitrbaa ngsgun,hamlet,104.7446359,11.60198
116,ភ ម កន ល ងគល,bhuumiknlaenggl,hamlet,104.7545355,11.5936651
116,ភ ម ច បក ធ,bhuumic pkdh,hamlet,104.7486648,11.5941931
116,ភ ម ជ យជ ន,bhuumijyj n,hamlet,104.7531659,11.5803435
116,ភ ម ត រព ងអ រក ស,bhuumitrbaa ngqaarks,hamlet,104.7479201,11.5782975
116,ភ ម ព រ ត ប ក,bhuumibraitaapuk,hamlet,104.740961,11.5718325
116,សង ក ត ឪឡ ក,sngkaatuuvlook,village,104.7456644,11.5691298
116,ភ ម ទ លល ប,bhuumidualliep,hamlet,104.7568991,11.5739669
116,សង ក ត ស ន,sngkaatsnoo,village,104.7696444,11.5789992
116,ភ ម ថ ម,bhuumithm,hamlet,104.7490523,11.5581658
116,ភ ម ប ងគ រ ល,bhuumipynggroel,hamlet,104.7458049,11.5542282
116,ភ ម អ ព ល,bhuumiq bil,hamlet,104.7523734,11.5446971
116,ភ ម ផ ស រត រ ច,bhuumiphsaartraac,hamlet,104.7215547,11.8463073
116,ភ ម ព ធ រ ទ ធ ក រ,bhuumiboodhiriddhikrai,hamlet,104.7143021,11.8352725
116,ភ ម ត រព ងត រយ ង,bhuumitrbaa ngtryyng,hamlet,104.8374125,11.2379113
116,ភ ម ឈ ទ លជ រ,bhuumijhoedaaljr,hamlet,104.7352779,11.247995
116,ឃ ក ម ររ ជ,ghu kumaarraajaa,village,104.7398177,11.2638718
116,ភ ម រយ ក,bhuumiryk,hamlet,104.736719,11.2723644
116,ភ ម យ លទ ង,bhuumiyooldoong,hamlet,104.7375254,11.2826481
116,ភ ម ស ដ ក,bhuumistuk,hamlet,104.7497279,11.2778567
116,ភ ម ថ មស,bhuumithms,hamlet,104.7612461,11.2926418
116,ភ ម កណ ដ ល,bhuumiknntaal,hamlet,104.7620504,11.3042111
116,ភ ម ព នភ ន,bhuumibuunbhn,hamlet,104.7589302,11.317929
116,ភ ម ប ក រន ស,bhuumipaakrnaas,hamlet,104.7625178,11.3258122
116,ឃ ល ពង,ghu l bng,village,104.764363,11.3141446
116,ភ ម ត ងឫស ស,bhuumitaa ngryssii,hamlet,104.881012,11.3292364
116,ឃ ពត សរ,ghu btsr,village,104.9004929,11.3281258
116,ភ ម ត រព ងត រ វ,bhuumitrbaa ngtraav,hamlet,104.9066207,11.3252583
116,ភ ម ព រ ស វ,bhuumibraisvaa,hamlet,104.9150619,11.3168721
116,ឃ ទ កវ ល,ghu dykvil,village,105.0212672,11.306256
116,ភ ម ព រ ករ ន,bhuumibraekrun,village,105.0037946,11.3613991
116,ភ ម ព រ កស នង,bhuumibraeksnng,hamlet,105.0099045,11.3550945
116,ភ ម ស វ យត ន,bhuumisvaaytaanii,hamlet,105.017732,11.3476786
116,ឃ ក ខ ស ច ទន ល,ghu koo khsaacdnlaa,village,105.0508747,11.3174496
116,ភ ម ថ ក ល,bhuumithkul,hamlet,105.0616139,11.3218372
116,ភ ម ក ប លក ត ច,bhuumikpaalkoo tuuc,hamlet,105.063293,11.3133099
116,ភ ម ថ ក វ,bhuumithkuuv,village,104.4460679,10.4360597
116,ភ ម ជ ងឯក,bhuumijoengek,hamlet,104.8995313,11.4961525
116,ភ ម កណ ដ ល,bhuumiknntaal,hamlet,104.8973505,11.4870797
116,ភ ម រល ស,bhuumirluas,hamlet,104.8995888,11.4836313
116,ភ ម ស រ កច ក,bhuumisrukcek,hamlet,104.9031871,11.4789907
116,ភ ម ប រ កម មករ,bhuumipuuriikmmkr,hamlet,104.8952782,11.5003495
116,ភ ម ព រ កប រណ ក,bhuumibraekprnnaak,hamlet,104.8990305,11.4626249
116,ភ ម ព រ កថ ល ង,bhuumibraekthlyng,hamlet,104.9071228,11.4510561
116,ភ ម ម ល,bhuumiml,hamlet,104.8863923,11.5220593
116,ភ ម ស ប រ,bhuumis puar,hamlet,104.8901821,11.5174872
116,ភ ម ថ ម,bhuumithmii,hamlet,104.8899567,11.5051215
116,សង ក ត ទន ល ប ស ក,sngkaatdnlepaasaak,village,104.9359091,11.5509405
116,សង ក ត ប ងក ងកងទ,sngkaatpyngkengkngdii 3,village,104.9178497,11.547771
116,សង ក ត ប ងក ងកងទ,sngkaatpyngkengkngdii 2,village,104.9184799,11.5529917
116,សង ក ត ប ងក ងកងទ,sngkaatpyngkengkngdii 1,village,104.9249988,11.5504554
116,សង ក ត អ ឡ ព ក,sngkaatquulaa bik,village,104.9133669,11.5532352
116,សង ក ត ទ លស វ យព រ ទ,sngkaatdualsvaaybraidii 2,village,104.9062018,11.5543617
116,សង ក ត ទ នប ទ ក,sngkaatd npdyk,village,104.9049028,11.54573
116,សង ក ត ទ លទ ព ងទ,sngkaatduald buungdii 1,village,104.9171345,11.5402098
116,សង ក ត ទ លទ ព ងទ,sngkaatduald buungdii 2,village,104.911736,11.5390817
116,សង ក ត ប ងត រប ក,sngkaatpyngtrpaek,village,104.922449,11.5406943
116,សង ក ត ផ ស រថ ម ទ,sngkaatphsaarthmiidii 1,village,104.9214864,11.5708489
116,សង ក ត ផ ស រថ ម ទ,sngkaatphsaarthmiidii 2,village,104.9194883,11.5690196
116,សង ក ត ផ ស រថ ម ទ,sngkaatphsaarthmiidii 3,village,104.923734,11.5664641
116,សង ក ត ប ងរ ង,sngkaatpyngraa ng,village,104.9218237,11.5606982
116,សង ក ត ផ ស រកណ ដ លទ,sngkaatphsaarknntaaldii 1,village,104.9288938,11.5690461
116,សង ក ត ផ ស រកណ ដ លទ,sngkaatphsaarknntaaldii 2,village,104.9267005,11.5677477
116,សង ក ត ចត ម ខ,sngkaatctumukh,village,104.9310313,11.5589062
116,សង ក ត ជ យជ ន,sngkaatjyj n,village,104.9318758,11.5635454
116,សង ក ត ផ ស រច ស,sngkaatphsaarcaas,village,104.9261668,11.5713455
116,សង ក ត ស រ ចក,sngkaatsr ck,village,104.9198536,11.5837416
116,សង ក ត វត តភ ន,sngkaatvttbhn,village,104.9235581,11.5747464
116,ភ ម ក រស ង,bhuumikrsaa ng,village,104.8778887,11.4150977
116,សង ក ត អ រឬស ស ទ,sngkaatquurryyssiidii 1,village,104.9172429,11.5636923
116,សង ក ត អ រឬស ស ទ,sngkaatquurryyssiidii 2,village,104.9138375,11.5630465
116,សង ក ត អ រឬស ស ទ,sngkaatquurryyssiidii 3,village,104.9158876,11.5654018
116,សង ក ត អ រឬស ស ទ,sngkaatquurryyssiidii 4,village,104.9180714,11.5656046
116,សង ក ត មន រម យ,sngkaatmnoormy,village,104.9171913,11.5694231
116,សង ក ត ម ត តភ ព,sngkaatmittbhaab,village,104.9113682,11.5691548
116,សង ក ត វ លវង,sngkaatvaalvng,village,104.9094089,11.5624743
116,សង ក ត ប ងព រល ត,sngkaatpyngbrlyt,village,104.9173953,11.5595067
116,សង ក ត ផ ស រដ ប ទ,sngkaatphsaartepuudii 1,village,104.9029362,11.5690209
116,សង ក ត ផ ស រដ ប ទ,sngkaatphsaartepuudii 2,village,104.9031949,11.5656231
116,សង ក ត ផ ស រដ ប ទ,sngkaatphsaartepuudii 3,village,104.904571,11.5626152
116,សង ក ត ទ កល អក ទ,sngkaatdyklqkdii 1,village,104.8940296,11.5674848
116,សង ក ត ទ កល អក ទ,sngkaatdyklqkdii 2,village,104.8955587,11.5637832
116,សង ក ត ទ កល អក ទ,sngkaatdyklqkdii 3,village,104.891708,11.5574506
116,សង ក ត ប ងកក ទ,sngkaatpyngkkdii 1,village,104.8974246,11.5829536
116,សង ក ត ប ងកក ទ,sngkaatpyngkkdii 2,village,104.8919929,11.5764495
116,សង ក ត ផ ស រដ មគរ,sngkaatphsaartoemgr,village,104.9042409,11.5578276
116,សង ក ត ប ងស ឡ ង,sngkaatpyngsaalaang,village,104.8979144,11.5533121
116,សង ក ត ដង ក,sngkaattngkoo,village,104.8863087,11.4960888
116,ភ ម ខ វ,bhuumikhvaa,hamlet,104.8979638,11.5054443
116,ភ ម ត ឡ,bhuumitaalii,hamlet,104.8877739,11.4986728
116,ភ ម ប គ,bhuumipaaguu,hamlet,104.889771,11.4739656
116,សង ក ត ពងទ ក,sngkaatbngdyk,village,104.8236934,11.476319
116,ភ ម ត រព ងទ,bhuumitrbaa ngdaa,hamlet,104.8307156,11.4612705
116,ភ ម ត រព ងគរ,bhuumitrbaa nggr,hamlet,104.8267529,11.4602577
116,ភ ម ពងទ ក,bhuumibngdyk,hamlet,104.8183753,11.4652671
116,ភ ម ស រ ញ រ,bhuumisraenyr,hamlet,104.8167649,11.4814437
116,ភ ម ឃ ល សណ ដ យ,bhuumighl snntaay,hamlet,104.824654,11.4805573
116,ភ ម ព រ ក,bhuumibraikii,hamlet,104.8244175,11.4933164
116,ភ ម ព រ ក,bhuumibraikii,hamlet,104.8181631,11.493454
116,ភ ម ត រ ដ ក,bhuumitraa took,hamlet,104.8289992,11.4969495
116,ភ ម ត រព ងស ល,bhuumitrbaa ngsaalaa,hamlet,104.8349362,11.4944809
116,សង ក ត ព រ វ ង,sngkaatbraivaeng,village,104.8397681,11.475629
116,ភ ម ទ ពប,bhuumidbpoo,hamlet,104.8374397,11.4790965
116,ភ ម ត រព ងចក,bhuumitrbaa ngck,hamlet,104.8454294,11.4748848
116,ភ ម ក រ ង,bhuumik rieng,hamlet,104.8422071,11.4869598
116,ភ ម រ លជ រ ក,bhuumirooljruuk,hamlet,104.8388576,11.4963353
116,ភ ម ទ លស ប រ,bhuumiduals puur,hamlet,104.8440531,11.4632027
116,សង ក ត ព រ ស,sngkaatbrais,village,104.8618029,11.4964374
116,ភ ម អន លង គង,bhuumiqnlnggng,hamlet,104.8669929,11.4766548
116,ភ ម ប រក រ,bhuumiprkaar,hamlet,104.8675668,11.4971981
116,ភ ម ម ភ ប ន,bhuumimbhaipuan,hamlet,104.8619414,11.5009109
116,ភ ម ធម មត រ យ,bhuumidhmmtry,hamlet,104.8549064,11.5008017
116,ភ ម ព រ ទ ទ យ,bhuumibraidiiduy,hamlet,104.8482764,11.4978598
116,ភ ម ព រ ស,bhuumibrais,hamlet,104.8567943,11.4925403
116,ភ ម អន លង គងថ ម,bhuumiqnlnggngthmii,hamlet,104.872986,11.4880891
116,ភ ម ក រ ងស វ យ,bhuumikraa ngsvaay,hamlet,104.890317,11.4432869
116,ភ ម ក រ ងពង រ,bhuumikraa ngbngr,hamlet,104.8097119,11.4429573
116,ភ ម ក រ ងស វ យ,bhuumikraa ngsvaay,hamlet,104.8156029,11.440781
116,សង ក ត ប រទ ឡ ង,sngkaatprd laang,village,104.7923055,11.4690007
116,ភ ម គ កខ ស ច,bhuumigookkhsaac,hamlet,104.809212,11.4813762
116,ភ ម គ កម ស,bhuumigookmaas,hamlet,104.8021041,11.4793122
116,ភ ម ព រ វ ងខ ងល ច,bhuumibraivaengkhaanglic,hamlet,104.8365205,11.4641928
116,ភ ម ព រ វ ងខ ងក ត,bhuumibraivaengkhaangkoet,hamlet,104.8399857,11.4654958
116,ភ ម ស ប រ,bhuumis puar,hamlet,104.8403846,11.4474501
116,សង ក ត ព រ កក ព ស,sngkaatbraekk bys,village,104.9022203,11.4462201
116,ភ ម ព រ កក ព ស,bhuumibraekk bys,hamlet,104.8991409,11.4580083
116,ភ ម ព រ ករទ ង,bhuumibraekrdaa ng,hamlet,104.9137217,11.4452824
116,ភ ម ដ ណ ក សង ក,bhuumit nnaaksngkae,hamlet,104.9217148,11.4466721
116,ភ ម ស រ ស ន,bhuumisriisn,hamlet,104.9033208,11.4405037
116,សង ក ត រល ស,sngkaatrluas,village,104.8727746,11.4357024
116,ភ ម ក រព ទ រ ម,bhuumikrboedroom,hamlet,104.8662495,11.4406144
116,ភ ម ព រ ធ ត,bhuumibr dhaatu,hamlet,104.8720516,11.4382858
116,ភ ម កណ ដ ល,bhuumiknntaal,hamlet,104.8775956,11.4340439
116,សង ក ត ស ព នថ ម,sngkaatsbaanthm,village,104.874518,11.4628105
116,ភ ម គ កឪឡ ក,bhuumigookuuvlyk,hamlet,104.8686083,11.4553869
116,ភ ម អញ ច ញ,bhuumiqnycaany,hamlet,104.8675883,11.4590495
116,ភ ម ម ន ដ រ,bhuumimyyntraa,hamlet,104.8684753,11.4641015
116,ភ ម ស ព នថ ម,bhuumisbaanthm,hamlet,104.8678515,11.470485
116,ភ ម ស វ យម នលក ខណ,bhuumisvaaymaanlkkhnn,hamlet,104.8732129,11.4759895
116,ភ ម ហ,bhuumihaa,hamlet,104.8774988,11.4763283
116,ភ ម ដ ង,bhuumituung,hamlet,104.882585,11.4761448
116,ភ ម ព រ កជ រ,bhuumibraekjrai,hamlet,104.8910045,11.4700086
116,សង ក ត ទ ន,sngkaatdien,village,104.8567289,11.4392438
116,ភ ម ថ ម,bhuumithmii,hamlet,104.8498631,11.4405258
116,ភ ម ថ ម,bhuumithm,hamlet,104.8504849,11.4493942
116,ភ ម កន ទ យទ ក,bhuumiknduydyk,hamlet,104.8556721,11.4521471
116,ភ ម ស ល,bhuumisaalaa,hamlet,104.8594969,11.4522756
116,ភ ម ក រ ង,bhuumikraa ng,hamlet,104.8581665,11.4502244
116,ភ ម ក រ ងក រ ច,bhuumikraa ngkruuc,hamlet,104.8594252,11.4364889
116,សង ក ត ស ទ ងម នជ យទ,sngkaatsdyngmaanjydii2,village,104.8922394,11.5343626
116,ភ ម ព រ កទ ល,bhuumibraekdaal,hamlet,104.8985349,11.5414287
116,ភ ម ភ ន ត,bhuumibhnaat,hamlet,104.8978049,11.5452526
116,ភ ម ដ ណ ក ធ,bhuumit nnaakdh,hamlet,104.8927484,11.5379977
116,សង ក ត ប ងទ ព នទ,sngkaatpyngd bundii1,village,104.9058902,11.5334694
116,ភ ម ច រ នផល,bhuumic roenphl,hamlet,104.9023069,11.5378228
116,ភ ម ត ន តជ រ,bhuumitnootjr,hamlet,104.9001034,11.5258621
116,សង ក ត ព រ កប រ,sngkaatbraekpraa,village,104.9470688,11.5066584
116,សង ក ត ច ប រអ ព ទ,sngkaatcpaarq baudii 1,village,104.9385287,11.5298382
116,សង ក ត ច ប រអ ព ទ,sngkaatcpaarq baudii 2,village,104.9381036,11.5360096
116,សង ក ត ច ក អង រ ល,sngkaatcaakqngraeloe,village,104.9302511,11.5204875
116,សង ក ត ច ក អង រ ក រ ម,sngkaatcaakqngraekroom,village,104.9354496,11.5041187
116,សង ក ត ន រ ធ,sngkaatniroodh,village,104.9537196,11.5262469
116,ភ ម ឬស ស ស រស,bhuumiryyssiisrs,hamlet,104.9441567,11.5334074
116,សង ក ត ក ប លក,sngkaatkpaalkoo,village,105.0102142,11.5036877
116,ភ ម ជ រ យអ ព ល,bhuumijrooyq bil,hamlet,105.0115857,11.529725
116,ភ ម យកប ត រ,bhuumiykpaatr,hamlet,105.026482,11.5207989
116,ភ ម ព រ កធ,bhuumibraekdh,hamlet,105.0144188,11.5155393
116,សង ក ត ព រ កឯង,sngkaatbraekeng,village,104.9886913,11.5289849
116,ភ ម ត ព រហ ម,bhuumitaabrhm,hamlet,104.9971733,11.5364042
116,ភ ម ច ងព រ ក,bhuumicungbraek,hamlet,104.9920617,11.5211245
116,សង ក ត ព រ កថ ម,sngkaatbraekthmii,village,104.9820909,11.4703998
116,ភ ម ច ព ក អ ក,bhuumic bu kqaek,hamlet,104.9604887,11.478942
116,ភ ម ក ក រប,bhuumikoo krpii,hamlet,104.9716949,11.4654121
116,ភ ម ព រ កថ ម,bhuumibraekthmii,hamlet,105.0050361,11.4694451
116,សង ក ត វ លស ប វ,sngkaatvaalspuuv,village,104.9733348,11.5310124
116,ភ ម ស វ យត អ ក,bhuumisvaaytaaquk,hamlet,104.9745468,11.5303497
116,ភ ម ក ដ ត ក យ,bhuumiktiitaakuy,hamlet,104.9689181,11.538131
116,ភ ម វ លស ប វ,bhuumivaalspuuv,hamlet,104.9790705,11.5338853
116,ភ ម ត ង ល,bhuumitaangil,hamlet,104.9581108,11.8997612
116,ភ ម ជ ល,bhuumijaalaa,hamlet,104.9311109,11.9122813
116,ភ ម ត រ កកណ ដ ល,bhuumitrookknntaal,village,104.6368255,12.2277932
116,ភ ម ត រ កល ច,bhuumitrooklic,village,104.6337685,12.2251853
116,ភ ម ត រ កក ត,bhuumitrookkoet,village,104.6392325,12.2283249
116,ភ ម ស វ យម ស,bhuumisvaaymaas,hamlet,105.0663691,11.6635032
116,ភ ម សន ល ង,bhuumisnlung,hamlet,105.0654611,11.687114
116,ភ ម ព រ ធ,bhuumibraidh,hamlet,105.0793496,11.667335
116,ភ មដ ល,bhuuimtul,hamlet,105.0888983,11.6862367
116,ភ ម ម ប ន,bhuumimaepaan,hamlet,105.1108902,11.6798817
116,ភ ម ព រ ប ង,bhuumibraipaa ng,hamlet,105.1089156,11.6738995
116,ភ ម ត គ ត ក ត,bhuumitaagaatkoet,hamlet,105.1242058,11.7253152
116,ភ ម ត គ ត ល ច,bhuumitaagaatlic,hamlet,105.1095007,11.725495
116,ភ ម ជ ប ល,bhuumijiipaal,hamlet,105.1018019,11.7392871
116,សង ក ត ស វ យប ក,sngkaatsvaaypaak,village,104.8693076,11.6465889
116,ភ ម គ ឡ ម ត រល ខ,bhuumigiiluumaetrlekh 6,hamlet,104.8980122,11.6148504
116,សង ក ត ឬស ស ក វ,sngkaatryyssiikaev,village,104.9115177,11.6059827
116,សង ក ត ច រ ងច រ,sngkaatcraa ngc re 1,village,104.8836232,11.6324186
116,សង ក ត ច រ ងច រ,sngkaatcraa ngc re 2,village,104.8920545,11.6228555
116,សង ក ត ជ រ យចង វ,sngkaatjrooycngvaa,village,104.9350085,11.5895042
116,សង ក ត ព រ កល ប,sngkaatbraekliep,village,104.9170732,11.6456062
116,សង ក ត ក ដ ច,sngkaatkoo taac,village,104.9363037,11.6647479
116,សង ក ត ឃ ម ញ,sngkaatghmuany,village,104.8593363,11.6222282
116,ភ ម បន ល ស អ ត,bhuumipnlaasqit,hamlet,104.8752906,11.6018298
116,ភ ម ឃ ម ញ,bhuumighmuany,hamlet,104.8686332,11.6101678
116,ភ ម ស នស ខទ,bhuumisaensukhdii 1,hamlet,104.8426432,11.6234804
116,ភ ម ស នស ខទ,bhuumisaensukhdii 2,hamlet,104.843061,11.6178627
116,ភ ម ស នស ខទ,bhuumisaensukhdii 3,hamlet,104.8457003,11.6237057
116,ភ ម ស នស ខទ,bhuumisaensukhdii 4,hamlet,104.8460436,11.6180098
116,ភ ម ស នស ខទ,bhuumisaensukhdii 5,hamlet,104.8469663,11.6237687
116,ភ ម ស នស ខទ,bhuumisaensukhdii 6,hamlet,104.847374,11.6181359
116,ភ ម ស នស ខទ,bhuumisaensukhdii 7,hamlet,104.848597,11.6238318
116,ភ ម អន លង ក ង ន,bhuumiqnlngkngaan,hamlet,104.8551896,11.6306561
116,ភ ម ស រ ង,bhuumis roong,hamlet,104.8499086,11.6128565
116,សង ក ត ភ ន ព ញថ ម,sngkaatbhn benythmii,village,104.8765566,11.5831082
116,ភ ម រ ងចក រ,bhuumiroongckr,hamlet,104.8658868,11.5746774
116,ភ ម ភ ន ព ញថ ម,bhuumibhn benythmii,hamlet,104.8785003,11.5747065
116,ភ ម ដ ថ ម,bhuumitiithmii,hamlet,104.8615264,11.5686322
116,ភ ម ទ នប,bhuumid np,hamlet,104.8867921,11.5838774
116,ភ ម ព ងព យ,bhuumiboongbaay,hamlet,104.877723,11.5825201
116,ភ ម ប យ ប,bhuumipaayaap,hamlet,104.8814993,11.5950626
116,ភ ម ត រព ងស វ យ,bhuumitrbaa ngsvaay,hamlet,104.8643109,11.5950962
116,ភ ម គ កឃ ល ង,bhuumigookghlaang,hamlet,104.852847,11.5792879
116,ភ ម ច រ ស,bhuumicres,hamlet,104.8537668,11.5915723
116,ភ ម ដ ណ ក,bhuumit nnaak,hamlet,104.8525577,11.5720307
116,សង ក ត ទ កថ ល,sngkaatdykthlaa,village,104.8774145,11.5643021
116,សង ក ត ព រ កព ន,sngkaatbraekbnau,village,104.8552509,11.6653243
116,សង ក ត ស រ ង,sngkaats roong,village,104.8351562,11.6854873
116,សង ក ត ត រព ងក រស ង,sngkaattrbaa ngkrsaa ng,village,104.795792,11.553532
116,សង ក ត គ ករក,sngkaatgookrkaa,village,104.8184632,11.5992797
116,សង ក ត ភ ល ងឆ រទ,sngkaatbhloengche rde,village,104.8050835,11.4940305
116,សង ក ត ក ក បទ,sngkaatkaakaapdii1,village,104.8499764,11.5543778
116,សង ក ត ស រ ងក រ ម,sngkaats roongkroom,village,104.8086026,11.5751626
116,សង ក ត ក រ ងធ នង,sngkaatkraa ngdhnng,village,104.8379604,11.5857656
116,សង ក ត ប ងធ,sngkaatpyngdh,village,104.771594,11.4767247
116,សង ក ត ក ប ល,sngkaatk puul,village,104.7746396,11.5416595
116,សង ក ត កន ទ ក,sngkaatkndook,village,104.7833627,11.5061345
116,ភ ម ព រ រង ង,bhuumibrairngieng,hamlet,104.7967208,11.5016368
116,ភ ម ស ប ស,bhuumisepese,hamlet,104.8850374,11.5666059
116,ភ ម ទ លថ ង ន,bhuumidualthngaan,hamlet,104.9014766,11.6004051
116,ភ ម ប រ ខ នង,bhuumipuurii100khnng,hamlet,104.8804815,11.56643
116,ភ ម ច ងថ នល ខ ងក ត,bhuumicungthnlkhaangkoet,hamlet,104.8784709,11.5607393
116,ភ ម ច ងថ នល ខ ងល ច,bhuumicungthnlkhaanglic,hamlet,104.8738601,11.5616807
116,ភ ម ស ល ងរល ង,bhuumislaengrloeng,hamlet,104.8742457,11.5549834
116,ភ ម ផ ស រទ កថ ល,bhuumiphsaardykthlaa,hamlet,104.8802004,11.5620109
116,ភ ម ទ កថ ល,bhuumidykthlaa,hamlet,104.8760902,11.5652624
116,ភ ម ត រព ងឈ ក,bhuumitrbaa ngjhuuk,hamlet,104.8833042,11.550939
116,ភ ម អ រប កក អម,bhuumiquurpaekkqm,hamlet,104.8875721,11.5507061
116,ភ ម ត រព ងស ន,bhuumitrbaa ngsnoo,hamlet,104.7905814,11.6687925
116,ភ ម ត រព ងព រ ង,bhuumitrbaa ngbriing,hamlet,104.7812732,11.6603076
116,ភ ម ព ធ មង គល,bhuumiboodhimnggl,hamlet,104.8605055,11.6653734
116,ភ ម ក រ ស,bhuumikruas,hamlet,104.8398905,11.702048
116,ភ ម ស រ ងជ ង,bhuumis roongjoeng,hamlet,104.8316303,11.6966677
116,ភ ម ស រ ងកណ ដ ល,bhuumis roongknntaal,hamlet,104.8315419,11.6915358
116,ភ ម ស រ ងត ប ង,bhuumis roongtpuung,hamlet,104.8308847,11.6846023
116,ភ ម ត រព ងក រស ង,bhuumitrbaa ngkrsaa ng,hamlet,104.7993309,11.534556
116,ភ ម ត រព ងទ,bhuumitrbaa ngdaa,hamlet,104.8108486,11.5488432
116,ភ ម ជង រ ក,bhuumijngruk,hamlet,104.8055782,11.5449969
116,ភ ម ព រ ដ នអ ក,bhuumibraituunquk,hamlet,104.8017946,11.5454955
116,ភ ម ត រព ងអណ ដ ង,bhuumitrbaa ngqnntuung,hamlet,104.7938897,11.5506856
116,ភ ម ខ ញ,bhuumikhnyae,hamlet,104.7882281,11.5494329
116,ភ ម ត រព ងអញ ច ញថ ម,bhuumitrbaa ngqnycaanythmii,hamlet,104.7853756,11.5753011
116,ភ ម ព រ ក,bhuumibraikii,hamlet,104.81342,11.4975411
116,ភ ម ភ ល ងឆ រទ ល ច,bhuumibhloengche rde lic,hamlet,104.7918411,11.4861173
116,ភ ម ភ ល ងឆ រទ ក ត,bhuumibhloengche rde koet,hamlet,104.7949419,11.485876
116,ភ ម កប ភ ល ក,bhuumikpbhluk,hamlet,104.809266,11.5033183
116,ភ ម ទ លក,bhuumidualkii,hamlet,104.817843,11.504212
116,ភ ម ត រ ញ ត ប ញ,bhuumitraanytaapaany,hamlet,104.7916986,11.4977745
116,ភ ម ជម ព វ ន,bhuumijmbuuvn,hamlet,104.8194703,11.5340547
116,ភ ម ត រព ងព ធ,bhuumitrbaa ngboodhi,hamlet,104.8190467,11.5409779
116,ភ ម ព រ ព រ ងខ ងជ ង,bhuumibraibriingkhaangjoeng,hamlet,104.8269646,11.5366613
116,ភ ម ព រ ព រ ងខ ងត ប ង,bhuumibraibriingkhaangtpuung1,village,104.827142,11.525433
116,ភ ម ថ នល ប ប ក,bhuumithnlp paek,hamlet,104.8258112,11.5324259
116,ភ ម ព រ ទ,bhuumibraidaa,hamlet,104.8325184,11.5444031
116,ភ ម ក រ ងដ នទ,bhuumikraa ngtuundai,hamlet,104.8216693,11.5166347
116,ភ ម កប គង,bhuumikpgng,hamlet,104.8252424,11.5139263
116,ភ ម ស រ ជ រ,bhuumisraej rau,hamlet,104.8292508,11.5099343
116,ភ ម ព រ សណ ដ ក,bhuumibraisnntaek,hamlet,104.8311839,11.5187002
116,ភ ម ព រ ក ប ត,bhuumibraik put,hamlet,104.8225319,11.5041676
116,ភ ម ព រ ស ព,bhuumibraisbyy,hamlet,104.8331988,11.5112045
116,ភ ម ព រ ល ង,bhuumibrailng,hamlet,104.8371407,11.5073514
116,ភ ម ដ ណ ក ត រយ ង,bhuumit nnaaktryyng,hamlet,104.8324976,11.5045522
116,ភ ម ព រ ល វ,bhuumibrailvaa,hamlet,104.8370169,11.5150467
116,ភ ម ត រព ងរ ច ក,bhuumitrbaa ngr cek,hamlet,104.8538967,11.5105085
116,ភ ម ទ លពង រ,bhuumidualbngr,hamlet,104.8700952,11.5177828
116,ភ ម ត រព ងថ ល ង,bhuumitrbaa ngthlyng,hamlet,104.8548115,11.5278585
116,ភ ម ច មច,bhuumicoomcau,hamlet,104.8431919,11.5281424
116,ភ ម ថ មគ ល,bhuumithmgool,hamlet,104.8453626,11.5383399
116,ភ ម ជ រ ក ង,bhuumijraikoong,hamlet,104.8357354,11.5290065
116,ភ ម គ កច បក,bhuumigookc pk,hamlet,104.8606475,11.5446165
116,ភ ម អង គ,bhuumiqngg,hamlet,104.7968815,11.5199223
116,ភ ម អ រដ ម,bhuumiquurtym,hamlet,104.8030626,11.5314683
116,ភ ម អង គក វ,bhuumiqnggkaev,hamlet,104.8132048,11.5310612
116,ភ ម ឈ វ ង,bhuumijhvaa ng,hamlet,104.7796159,11.6768486
116,ភ ម ស រ អ ព ល,bhuumisraeq bil,hamlet,104.7684431,11.6705414
116,ភ ម ត រព ងល វ,bhuumitrbaa nglvaa,hamlet,104.8600374,11.5550911
116,ភ ម ប ប រកខ ងជ ង,bhuumipprkkhaangjoeng,hamlet,104.8580984,11.5639876
116,ភ ម ត ង ន,bhuumitaanguan,hamlet,104.8492578,11.5635124
116,ភ ម ច ក រឪឡ ក,bhuumic kaaruuvlyk,hamlet,104.8441493,11.5634406
116,ភ ម ក ប លដ រ,bhuumikpaalt rii,hamlet,104.8432159,11.5563962
116,ភ ម ក ក ប,bhuumikaakaap,hamlet,104.8283408,11.5644416
116,ភ ម ត រព ងជ រ,bhuumitrbaa ngjrai,hamlet,104.8246665,11.556281
116,ភ ម ព រ ស ល,bhuumibraisaalaa,hamlet,104.8361586,11.5619751
116,ភ ម ច ក រស ល ង,bhuumic kaarslaeng,hamlet,104.8112346,11.5732703
116,ភ ម គ កព រ ច,bhuumigookbric,hamlet,104.8122205,11.5774774
116,ភ ម ត ក ខប បញ ញ,bhuumitikkhppnynye,hamlet,104.81424,11.5690426
116,ភ ម អករ ដ ល,bhuumiqkr tual,hamlet,104.7937561,11.577582
116,ភ ម ស រ ង,bhuumis roong,hamlet,104.8080604,11.5631132
116,ភ ម ច ងម ង,bhuumicaengmaeng,hamlet,104.8081666,11.5565342
116,ភ ម ច ក ជ រ ក,bhuumicaakjruuk,hamlet,104.8148702,11.5520332
116,ភ ម អណ ដ ងត អន,bhuumiqnntuungtaaqn,hamlet,104.7930082,11.5944513
116,ភ ម ព រ ពព ល,bhuumibraibbel,hamlet,104.7880709,11.6000854
116,ភ ម ខ ច,bhuumikhcau,hamlet,104.7599616,11.4696816
116,ភ ម ដ នក ក,bhuumituunkuk,hamlet,104.7638968,11.4589129
116,ភ ម ព រ រម សទ,bhuumibrairmaasdii 1,hamlet,104.7710181,11.4857502
116,ភ ម ព រ រម សទ,bhuumibrairmaasdii 2,hamlet,104.7708077,11.4829271
116,ភ ម ត ម តពង,bhuumitmaatbng,hamlet,104.7727309,11.4929675
116,ភ ម ត ជ ត,bhuumitaajet,hamlet,104.7782662,11.4847873
116,ភ ម ក ង ក,bhuumikngook,hamlet,104.7626569,11.4759954
116,ភ ម ព រ ត ក,bhuumibraitaakae,hamlet,104.753715,11.4757774
116,ភ ម ទ លស វ យ,bhuumidualsvaay,hamlet,104.7503054,11.4829624
116,ភ ម ត រព ងត រប,bhuumitrbaa ngtrp,hamlet,104.7480136,11.4628542
116,ភ ម អន លង ស វ យ,bhuumiqnlngsvaay,hamlet,104.7475908,11.4581582
116,ភ ម ត រព ងទ ល,bhuumitrbaa ngdual,hamlet,104.7900326,11.5308399
116,ភ ម ទ លត ឡ ត,bhuumidualtaalaat,hamlet,104.7940483,11.544474
116,ភ ម ផ ស រក ប ល,bhuumiphsaark puul,hamlet,104.7838254,11.5236284
116,ភ ម ត ក រ ត,bhuumitaakerti,hamlet,104.7811394,11.5263362
116,ភ ម ត ស ក,bhuumitaasek,hamlet,104.7747547,11.5285111
116,ភ ម ព រ ក ដ,bhuumibraikuti,hamlet,104.7732122,11.5356038
116,ភ ម ត ភ ម,bhuumitaabhem,hamlet,104.7805854,11.5427651
116,ភ ម ក ប ល,bhuumik puul,hamlet,104.7854585,11.5366898
116,ភ ម ត រ ប,bhuumitrip,hamlet,104.7621109,11.5578706
116,ភ ម ស ឡ ង,bhuumisaaluung,hamlet,104.7685724,11.5531298
116,ភ ម ស នលខ ពស,bhuumisnlkhbs,hamlet,104.7659382,11.5434631
116,ភ ម កប អ ប ល,bhuumikpq pil,hamlet,104.7641139,11.5396019
116,ភ ម អ ព ល,bhuumiq bil,hamlet,104.7536198,11.5468593
116,ភ ម ល ចវត ត,bhuumilicvtt,hamlet,104.7524047,11.5374862
116,ភ ម កន ទ កត ប ង,bhuumikndooktpuung,hamlet,104.8047191,11.5113336
116,ភ ម កន ទ កជ ង,bhuumikndookjoeng,hamlet,104.8029321,11.5181045
116,ភ ម អង គត រគ ត,bhuumiqnggtrgiet,hamlet,104.8133647,11.5118309
116,ភ ម ព រ ប ង,bhuumibraipyng,hamlet,104.7847915,11.521594
116,ភ ម ក រ ង,bhuumik rieng,hamlet,104.7839178,11.5096474
116,ភ ម ស រ ក ន ង,bhuumisraeknung,hamlet,104.7892503,11.5011711
116,ភ ម ស ង នព ជ រ,bhuumisnguanbejr,hamlet,104.7716692,11.5089376
116,ភ ម ត រព ងឈ ក,bhuumitrbaa ngjhuuk,hamlet,104.7769218,11.4961053
116,ភ ម គល,bhuumigl,hamlet,104.7669947,11.5167937
116,ភ ម ថ មដ,bhuumithmtaa,hamlet,104.7658911,11.4979678
116,ភ ម ត រព ងគល,bhuumitrbaa nggl,hamlet,104.7774903,11.5167007
116,ភ ម ត រង ន,bhuumitrngn,hamlet,104.7272757,11.54664
116,ភ ម ត ប ងម នជ យ,bhuumitpaengmaanjy,hamlet,104.7382332,11.5469289
116,ភ ម ប ងក ប រ,bhuumipyngk poor,hamlet,104.7497758,11.5614973
116,ភ ម ពង រ,bhuumibngr,hamlet,104.7850331,11.5659501
116,ភ ម ក ន ទ រង,bhuumikaandrng,hamlet,104.7726618,11.6320057
116,ភ ម ប ងប ច,bhuumipyngpic,hamlet,104.7583099,11.6449017
116,ភ ម ច ងថ នល,bhuumicungthnl,hamlet,104.7669497,11.5959792
116,ភ ម ទ ល,bhuumidual,hamlet,104.754601,11.6146312
116,ភ ម ត ព ជ រ,bhuumitaabejr,hamlet,104.7560651,11.6765653
116,ភ ម ត ព ជ រ,bhuumitaabejr,hamlet,104.7451075,11.6646945
116,ភ ម ព រ ក រ យ,bhuumibraikraay,hamlet,104.7742448,11.5564873
116,ភ ម រ ដ លត ប ង,bhuumir tualtpuung,hamlet,104.7786754,11.558421
116,ភ ម រ ដ លជ ង,bhuumir tualjoeng,hamlet,104.7813315,11.5611765
116,ភ ម ត អ ន,bhuumitaaqin,hamlet,104.7773564,11.5654895
116,ភ ម ព រ ឈ ក,bhuumibraijhuuk,hamlet,104.7819905,11.5550549
116,ភ ម អង គរជ យ,bhuumiqnggrjy,hamlet,104.7668405,11.5837741
116,ភ ម ត ព ង,bhuumitaabuung,hamlet,104.7682229,11.5637614
116,ភ ម ក លក រស ន រ,bhuumikulkrsnaar,hamlet,104.7660589,11.5732472
116,ភ ម ផ ង ង,bhuumiphngaa ng,hamlet,104.7808702,11.5707592
116,ភ ម ស ន រក ត,bhuumisnoorkoet,hamlet,104.7776265,11.5752043
116,ភ ម ស ន រល ច,bhuumisnoorlic,hamlet,104.771908,11.5749468
116,ភ ម ប រ ស ទ,bhuumipraasaad,hamlet,104.7840708,11.5869529
116,ភ ម ស រ អ ព ល,bhuumisraeq bil,hamlet,104.7851035,11.5933277
116,ភ ម ខ ស ច ស,bhuumikhsaacs,hamlet,103.4892204,11.2151776
116,ភ ម ជ ផ ត,bhuumijiiphaat,hamlet,103.5236925,11.3277223
116,ឃ បន ទ យន ង,ghu pndaaynaang,village,103.0177392,13.5104093
116,ឃ បត ត រង,ghu pttrng,village,102.9725752,13.5262537
116,ឃ ច ណ ម,ghu c nnoom,village,102.8923659,13.4569526
116,ឃ គ កបល ល ង គ,ghu gookpllngg,village,103.1305496,13.459291
116,ឃ គយម ង,ghu gymaeng,village,103.1020792,13.5497698
116,ឃ អ រប រ ស ទ,ghu quurpraasaad,village,103.0224164,13.4456328
116,ឃ ភ ន ត ច,ghu bhn tuuc,village,103.0284867,13.4104346
116,ឃ រហ ត ទ ក,ghu rhaatdyk,village,102.9464501,13.4880225
116,ឃ ឫស ស ក រ ក,ghu ryssiikrook,village,103.0346272,13.5470075
116,ឃ ស ប រ,ghu s puar,village,103.2106465,13.4371027
116,ឃ ស,ghu sya,village,102.8381483,13.4098467
116,ឃ ស រ រ ង,ghu sr raa ng,village,103.0920226,13.4937096
116,ឃ ត ឡ,ghu taal,village,103.1132702,13.5211864
116,ឃ ណ ត,ghu nnaa tau,village,103.4052918,13.8918216
116,ឃ ប យច រ,ghu pooycaar,village,103.3572299,13.8401992
116,ឃ ពន ល,ghu bnlai,village,103.2139868,13.7927097
116,ឃ ស ព នស រ ង,ghu sbaansraeng,village,103.399776,13.711684
116,ឃ ស រ ជ ក,ghu sr jiik,village,103.3192528,13.7275991
116,ឃ ភ ន ដ,ghu bhn tii,village,103.3828426,13.7704548
116,ឃ ឈ ន រម នជ យ,ghu jhnuarmaanjy,village,103.0957003,13.6225756
116,ឃ ជប វ រ,ghu jpvaarii,village,103.1681942,13.6638149
116,ឃ ភ ន ល ប,ghu bhn liep,village,103.2928573,13.5387145
116,ឃ ប រ ស ទ,ghu praasaad,village,103.364093,13.449037
116,ឃ ព រ ន ត រព រ,ghu br netrbr,village,103.1654096,13.5754057
116,ឃ រហ ល,ghu rhaal,village,103.2445687,13.6248637
116,ឃ ទ នក,ghu daankaa,village,103.2210337,13.7086274
116,ឃ ទ កជ រ,ghu dykjoor,village,103.3785291,13.6310672
116,ឃ ប ស ប វ,ghu puspuuv,village,103.0792732,13.6969907
116,ភ ម ព រ ស ប ត,bhuumibraispaat,hamlet,104.5800988,11.0704838
116,ឃ ត រព ងធ ខ ងជ ង,ghu trbaa ngdh khaangjoeng,village,104.5688112,11.0512407
116,Kamchay Mear Cheung,kamchay mear cheung,village,105.6877602,11.6162588
116,ភ ម បន ទ យច ស,bhuumipndaaycaas,hamlet,103.5727824,13.9718521
116,ភ ម ជ រ ធ,bhuumi jraidh,village,105.0718344,10.9590678
116,ឃ ចង ហ,ghu cnghaa,village,102.8895714,13.6441455
116,ឃ ក ប,ghu kuup,village,102.782981,13.6099675
116,ឃ គ ត តសត,ghu guttst,village,102.7572885,13.5655609
116,ឃ ស រ ង,ghu s roong,village,102.8328438,13.5304714
116,ឃ ស ភ,ghu suubhii,village,102.822933,13.6496689
116,ឃ ស ង ហ,ghu singh,village,102.8351942,13.7273103
116,ឃ អ រប ជ ន,ghu quurpiijaan,village,102.7378202,13.7374
116,ភ ម ផ ស រកណ ដ ល,bhuumiphsaarknntaal,hamlet,102.5928622,13.6437115
116,សង ក ត ផ ស រកណ ដ ល,sngkaatphsaarknntaal,village,102.5854871,13.6424227
116,ភ ម គ ឡ ល ខប ន,bhuumigiiluulekhpuan,hamlet,102.5778612,13.6429134
116,សង ក ត ន ម ត ត,sngkaatnimitt,village,102.7003994,13.6315654
116,ភ ម ប រជ ធម មល ច,bhuumiprjaadhmmlic,hamlet,102.5832336,13.6641873
116,ភ ម ប រជ ធម មក ត,bhuumiprjaadhmmkoet,hamlet,102.5938954,13.665762
116,ភ ម ទ លប រ ស ទ,bhuumidualpraasaad,hamlet,102.6025598,13.6926899
116,ភ ម អ រឫស ស,bhuumiquurryssii,hamlet,102.6275106,13.6856196
116,សង ក ត ក ពង ស វ យ,sngkaatk bngsvaay,village,102.9648068,13.6175852
116,សង ក ត ក ពងសត វ,sngkaatkoo bngstv,village,103.0368099,13.5780457
116,សង ក ត ម ក ក,sngkaatmkaak,village,102.9620529,13.6708318
116,សង ក ត អ រអ ប ល,sngkaatquurq pil,village,102.9315361,13.5575298
116,សង ក ត ភ ន ត,sngkaatbhniet,village,103.0487352,13.6174063
116,សង ក ត ព រ ពន ល,sngkaatbr bnlaa,village,102.9863153,13.5828301
116,សង ក ត ទ កថ ល,sngkaatdykthlaa,village,102.9081956,13.5819882
116,ភ ម ពង រ,bhuumibngr,hamlet,102.9634352,13.6223148
116,ភ ម ត ម,bhuumitaamaa,hamlet,102.9607354,13.6872017
116,ភ ម ឈ ក,bhuumijhuuk,hamlet,102.9814184,13.670034
116,ភ ម ម ក ក,bhuumimkaak,hamlet,102.9542314,13.670295
116,ភ ម ប ណយ,bhuumipaanny,hamlet,102.9365002,13.58435
116,ភ ម ភ ន ប ក,bhuumibhn paak,hamlet,102.9337651,13.599144
116,ឃ បន ទ យឆ ម រ,ghu pndaaychmaar,town,103.0934719,14.0694373
116,ឃ គ ករម ត,ghu gookrmiet,village,102.935528,13.9951214
116,ឃ ថ មព ក,ghu thmbuak,village,103.0523805,13.9414476
116,ឃ គ កកឋ ន,ghu gookktthin,village,103.1480637,13.8879594
116,ឃ គ រ,ghu g ruu,village,103.0261071,13.9806406
116,ឃ ភ ម ថ ម,ghu bhuumithmii,village,103.0612033,13.8893431
116,ភ ម ថ ម ល ច,bhuumithmiilic,hamlet,103.0574728,13.9119293
116,ភ ម ថ ម កណ ដ ល,bhuumithmiiknntaal,hamlet,103.0632384,13.9073553
116,ភ ម ថ ម ត ប ង,bhuumithmiitpuung,hamlet,103.0677788,13.8974834
116,ភ ម ក ប ច រ,bhuumikaapcoor,hamlet,103.0710376,13.8891241
116,ឃ ស រង គ,ghu saarngg,village,103.1195475,13.759706
116,ឃ ស លក រ ម,ghu slkraam,village,102.8419408,13.7742935
116,ឃ ស វ យច ក,ghu svaaycek,village,102.9628788,13.8054986
116,ឃ ត ប ន,ghu taapaen,village,102.9698263,13.7699563
116,ឃ ត ផ,ghu taaphuu,village,103.0472572,13.7643945
116,ឃ ទ រ ស,ghu draas,village,102.9471226,13.8899882
116,ឃ រល ស,ghu rluas,village,102.9883113,13.8035946
116,ឃ ប ងប ង,ghu pyngpeng,village,102.3680025,13.5131183
116,ភ ម ល វ,bhuumilvaa,hamlet,102.3586581,13.5204994
116,ភ ម ជ រ,bhuumijrai,hamlet,102.3550595,13.5275929
116,ភ ម ច បក,bhuumic pk,hamlet,102.351552,13.5351103
116,ភ ម ភ ន រ ង,bhuumibhn ruung,hamlet,102.3429476,13.545537
116,ភ ម សង ក,bhuumisngkae,hamlet,102.345671,13.5571112
116,ឃ ម ឡ,ghu maalai,village,102.3657833,13.5687169
116,ឃ អ រស រឡ,ghu quursrlau,village,102.4317522,13.5240854
116,ឃ អ រស ព រ,ghu quurs br,village,102.5017998,13.5274362
116,ឃ ទ លពង រ,ghu dualbngr,village,102.5938233,13.5531144
116,ឃ ត គង,ghu taagng,village,102.7252954,13.5068435
116,ឃ កន ទ,ghu kndyy1,village,103.1595196,12.8966496
116,ឃ កន ទ,ghu kndyy2,village,103.1153725,12.9360308
116,ឃ ប យដ រ,ghu paayt raa,village,103.1821759,12.9769769
116,ឃ ឈ ទ ល,ghu jhoedaal,village,103.1462857,12.9968151
116,ឃ ច ងម នជ យ,ghu caengmaanjy,village,103.071575,12.8546995
116,ឃ ភ ន ស ព,ghu bhn s bau,village,103.0816503,13.0315904
116,ឃ ស ន ង,ghu snyng,village,103.0297908,12.9583887
116,ភ ម ថ ម,bhuumithmii,hamlet,103.0432782,13.0796456
116,ភ ម អ រពងម ន,bhuumiquurbngmaan,hamlet,103.0254833,13.0903642
116,ភ ម អ រត ញ,bhuumiquurtaanyaa,hamlet,103.0066003,13.0853816
116,ភ ម ត ង ន,bhuumitaangaen,hamlet,102.9919358,13.077992
116,ឃ ត ព ង,ghu taabuung,village,103.1661427,13.2580689
116,ឃ ត ម ន,ghu taamyyn,village,103.1472193,13.3071533
116,ឃ អ រត គ,ghu quurtaagii,village,103.1159897,13.1824567
116,ឃ ជ រ,ghu jrai,village,103.106508,13.1147228
116,ឃ អន លង រ ន,ghu qnlngrun,village,102.989521,13.1599631
116,ឃ ជ រ យស ត,ghu jrooystau,village,103.1238137,13.3606097
116,ឃ ប ងព រ ង,ghu pyngbriing,village,103.0725515,13.3829668
116,ឃ គ កឃ ម,ghu gookghmu,village,103.0675146,13.2488094
116,ឃ បន ស យត រ ង,ghu pnsaaytraeng,village,103.0217393,13.2462594
116,ឃ រ ងជ រ,ghu ruungjrai,village,102.9859483,13.2716429
116,សង ក ត ទ លត ឯក,sngkaatdualtaaek,village,103.1868626,13.0933619
116,សង ក ត ព រ កព រ ស ត ច,sngkaatbraekbr stec,village,103.2120123,13.0829164
116,សង ក ត រតន,sngkaatrtna,village,103.213829,13.1004825
116,សង ក ត ច ក រស រ ង,sngkaatc kaars roong,village,103.1832381,13.1202732
116,សង ក ត ស ល ក ត,sngkaatslaakaet,village,103.1924282,13.1272408
116,សង ក ត ក ត លដ នទ វ,sngkaatktultuundaav,village,103.195618,13.1455653
116,សង ក ត អ រម ល,sngkaatquurmaal,village,103.134455,13.0731686
116,សង ក ត វត តគរ,sngkaatvttgr,village,103.1787181,13.0592191
116,ភ ម អ រច រ,bhuumiquurcaar,village,103.1697462,13.10271
116,សង ក ត ស វ យប,sngkaatsvaaypoo,village,103.1967875,13.0934306
116,ឃ បវ ល,ghu pvel,village,102.8773064,13.2544052
116,ឃ ខ ន ចរម ស,ghu khnaacrmaas,village,102.9495343,13.2734687
116,ឃ ល វ,ghu lvaa,village,102.9497664,13.3304773
116,ឃ ព រ ខ ពស,ghu braikhbs,village,102.7609052,13.3753635
116,ឃ អ ព លប រ ដ ម,ghu q bilpraa toem,village,102.7468051,13.286431
116,ឃ ក ត លត ហ ន,ghu ktultaahaen,village,102.7828774,13.128746
116,ភ ម ទ នប ត ក ន,bhuumid nptaakuan,hamlet,102.8726805,13.0854311
116,ឃ ឃ ល ងម ស,ghu ghlaa ngmaas,village,102.8251435,13.0853871
116,ឃ ប ងប រ,ghu pyngpraa,village,102.7942189,13.1917749
116,ឃ ព រ កនរ ន ទ,ghu braeknrind,village,103.2744763,13.290457
116,ឃ ស រ ងក ន ង,ghu s roongknung,village,103.2401622,13.1514512
116,ឃ ព រ កខ ពប,ghu braekkhbp,village,103.2667472,13.1871807
116,ឃ ព រ កហ ល ង,ghu braekhluang,village,103.3137691,13.2392681
116,ឃ ព មឯក,ghu baamek,village,103.1946789,13.2551445
116,ឃ ព រ ច ស,ghu braicaas,village,103.3719096,13.340063
116,ឃ ម ងឫស ស,ghu moongryssii,village,103.3950898,12.7918443
116,ឃ គ រ,ghu gaar,village,103.4440899,12.6902237
116,ឃ ព រ ស វ យ,ghu braisvaay,village,103.517301,12.6859927
116,ឃ ឫស ស ក រ ង,ghu ryssiikraa ng,village,103.5900788,12.6631289
116,ឃ ជ រ,ghu jrai,village,103.6067428,12.9081689
116,ឃ ត ល ស,ghu taalaas,village,103.4762089,12.866688
116,ឃ កក,ghu kkoo,village,103.4157617,12.8412422
116,ឃ ព រ ត ច,ghu braituuc,village,103.3828392,12.9001704
116,ឃ របស មង គល,ghu rpsmnggl,village,103.388313,12.7141232
116,ឃ ស ត,ghu stau,village,102.880573,12.9375162
116,ឃ អណ ត កហ ប,ghu qnntoekhaep,village,102.9944452,12.8104927
116,ឃ ផ ល វម ស,ghu phluuvmaas,village,102.8669054,12.7823285
116,ឃ ត រ ង,ghu traeng,village,102.8984533,12.8586283
116,ឃ អន លង វ ល,ghu qnlngvil,village,103.2369489,13.0835335
116,ឃ នរ,ghu nraa,village,103.2168386,13.1179291
116,ឃ ត ប ន,ghu taapun,village,103.386877,13.1533444
116,ឃ រក,ghu rkaa,village,103.3873838,13.0872807
116,ឃ ក ពង ព រ,ghu k bngbr,village,103.3736612,13.0392945
116,ឃ ក ពង ព រ ង,ghu k bngbrieng,village,103.3941902,12.97404
116,ឃ រ ងក ស,ghu raa ngkesii,village,103.258426,12.9419519
116,ឃ អ រដ បង,ghu quurt png1,village,103.2342122,13.0152558
116,ឃ អ រដ បង,ghu quurt png2,village,103.2738484,13.0283828
116,ឃ វត តត ម ម,ghu vtttaamym,village,103.2029218,13.0110986
116,ឃ ត ត ក,ghu taatook,village,102.810465,12.4628128
116,ឃ ក ពង ល ព,ghu k bnglbau,village,102.9308101,12.5405207
116,ឃ អ រស រ ល,ghu quurs ril,village,102.9564759,12.7156299
116,ឃ ស ង,ghu sung,village,102.7763787,12.5552051
116,ឃ ស ឡ ត,ghu s luut,village,102.7196736,12.6170347
116,ឃ ម នជ យ,ghu maanjy,village,102.7871889,12.7074772
116,ឃ ត ស ញ,ghu taasaany,village,102.8928732,12.6462574
116,ឃ ស ព ល ន,ghu s bauluun,village,102.6141448,13.3713543
116,ឃ អង គរប ន,ghu qnggrpaan,village,102.4679617,13.365276
116,ឃ ត ស ត,ghu taasaat,village,102.4341969,13.420873
116,ឃ សន ត ភ ព,ghu sntibhaab,village,102.3931586,13.4367762
116,ឃ ស រ ម នជ យ,ghu siriimaanjy,village,102.4651388,13.4524157
116,ឃ ជ រ ស ម,ghu jraisiimaa,village,102.463125,13.4680517
116,ឃ ភ ន ព រ ក,ghu bhn bryk,village,102.5440886,13.3152192
116,ឃ ព ជ រច ន ត,ghu bejrcintaa,village,102.422601,13.2216681
116,ឃ ចក រ,ghu ckrii,village,102.5323071,13.3526298
116,ឃ ប រ ងធ ល ក,ghu paaraa ngdhlaak,village,102.3643067,13.3530398
116,ឃ អ ររ ដ ល,ghu quurr tual,village,102.5507983,13.2597461
116,ឃ ក រ ង,ghu k rieng,village,102.5357143,13.0310843
116,ឃ ប ងរ ង,ghu pyngraa ng,village,102.478646,13.0932601
116,ឃ អ រដ,ghu quurtaa,village,102.5522027,13.1025969
116,ឃ ត រ ង,ghu traang,village,102.4753039,13.1333572
116,ឃ ត ស ន,ghu taasaen,village,102.4629165,13.1727631
116,ឃ ត ក រ,ghu taakrii,village,102.6875764,13.1567698
116,ឃ ធ បត,ghu dhiptii,village,103.2478186,12.8434672
116,ឃ គ ស ក រឡ,ghu gaaskrl,village,103.2656741,12.7538067
116,ឃ ហប,ghu hp,village,103.3055801,12.7872473
116,ឃ ព រ ផ ស,ghu br phus,village,103.2692546,12.650793
116,ឃ ដ នប,ghu tuunpaa,village,103.1781085,12.775764
116,ឃ ឆ ន ល ម ន,ghu chnaalmaan,village,103.1623004,12.6514202
116,ឃ ព រ កជ ក,ghu braekjiik,village,103.3551511,12.6131892
116,ឃ ព រ ត រឡ ច,ghu braitrlaac,village,103.5215313,12.5643963
116,ភ ម ពន ច ន,bhuumibncaan,hamlet,104.8655824,11.3737698
116,ភ ម ស រ ដ នត ច,bhuumisraetuuntuuc,hamlet,104.7744457,11.6632022
116,ភ ម អង គត ក ប,bhuumiqnggtaakup,hamlet,104.7452902,10.9982111
116,ភ ម អ ព ល,bhuumiq bil,hamlet,104.7330841,11.0023092
116,ភ ម ត រព ងកក,bhuumitrbaa ngkk,hamlet,104.7416157,11.0071763
116,ភ ម ប ង,bhuumipyng,hamlet,104.7462643,11.0138869
116,ភ ម ប រ ស ទ,bhuumipraasaad,hamlet,104.7307742,11.0212283
116,ភ ម អង គត ច ន,bhuumiqnggtaacaan,hamlet,104.7259931,11.0276644
116,ភ ម ត រព ងត រ ច,bhuumiitrbaa ngtraac,hamlet,104.7114985,11.0286119
116,ភ ម ស ម ង,bhuumismoong,hamlet,104.817086,10.8046123
116,ភ ម ត រព ងជ រ,bhuumitrbaa ngjrai,hamlet,104.820042,10.8095642
116,ភ ម ស គ ល,bhuumisgul,hamlet,104.8300245,10.8143422
116,ភ ម ត រព ងឈ ក,bhuumitrbaa ngjhuuk,hamlet,104.8184915,10.8209167
116,ភ ម ព ន,bhuumiboon,hamlet,104.8165106,10.8291419
116,ភ ម បន ទ យ,bhuumipndaay,hamlet,104.8093707,10.8042553
116,ភ ម ព រ សណ ដ ក,bhuumibraisnntaek,hamlet,104.7830383,10.9046154
116,ភ ម ស រ ច រក,bhuumisraecrk,hamlet,104.7751257,10.9009498
116,ភ ម ក ដ រ ន,bhuumiktiirun,hamlet,104.7549486,10.8895294
116,ភ ម ពង រ,bhuumibngr,hamlet,104.7360048,10.891131
116,ភ ម សម ក រ ម,bhuumismkroom,hamlet,104.7212248,10.9110645
116,ភ ម សម ល,bhuumismloe,hamlet,104.7289312,10.911055
116,ភ ម ត ស រ ន,bhuumitaasraen,hamlet,104.7310166,10.9068788
116,ភ ម ដ នភ,bhuumituunbhoe,hamlet,104.7275385,10.9058786
116,ភ ម កក,bhuumikkoo,hamlet,104.7341564,10.9027293
116,ភ ម ត ស ង,bhuumitaasyng,hamlet,104.728087,10.9005166
116,ភ ម ព រ សល,bhuumibrysloe,hamlet,104.7354616,10.8982715
116,ភ ម ព រ សក រ ម,bhuumibryskroom,hamlet,104.729845,10.8967996
116,ភ ម អង គស រ ព ធ,bhuumiqnggsraeboodhi,hamlet,104.7042568,11.6182973
116,ឃ ទ លព រ ជ,ghu dualbrej,village,104.7137945,11.609557
116,ភ ម ស រ កណ ដ ល,bhuumisraeknntool,hamlet,104.7094062,11.6820857
116,ភ ម ពង រ,bhuumibngr,hamlet,104.7083661,11.677226
116,ភ ម ជ រ យ,bhuumijruay,village,105.6638168,11.9131204
116,ភ ម ច បក ម ស,bhuumic pkmaas,hamlet,104.9539635,11.7164547
116,ភ ម ក ដ ច ស,bhuumiktiicaas,hamlet,104.9369786,11.7012062
116,ភ ម ប ក ខ ងល,bhuumipaakkhaengloe,hamlet,104.9245099,11.6858067
116,ភ ម ប ក ខ ង,bhuumipaakkhaeng,hamlet,104.9294532,11.6926899
116,ភ ម ព រ ករ ង,bhuumibraekraa ng,hamlet,104.8887117,11.6437671
116,ភ ម ខ ទរ,bhuumikhdr,hamlet,104.9140904,11.6581716
116,ភ ម គ នឃ ល ង,bhuumigienghlaa ng,hamlet,104.927104,11.6202135
116,ភ ម គ នឃ ល ង,bhuumigienghlaa ng,hamlet,104.9331384,11.6010462
116,ភ ម ក អ កទ,bhuumikqaekd,hamlet,103.7341765,13.5389874
116,ភ ម ក ប ន ម,bhuumikaapnym,hamlet,104.7214772,11.1730805
116,ភ ម ខ វ វ,bhuumikhvaav,hamlet,104.7213341,11.1816492
116,ភ ម ត រព ងធ នង,bhuumitrbaa ngdhnng,hamlet,104.7057792,11.1925571
116,ភ ម ព រ ញ ក,bhuumibrainyyk,hamlet,104.6946838,11.1965691
116,ភ ម ទន ល ប,bhuumidnlaap,hamlet,104.7150997,11.6166892
116,ភ ម ដ ណ ក អ ព ល,bhuumit nnaakq bil,hamlet,104.6754968,11.515945
116,ឃ ដ ណ ក អ ព ល,ghu t nnaakq bil,village,104.6737586,11.5184607
116,ឃ ប រ ង,ghu paarung,village,105.0491986,11.6116113
116,ភ ម ប រ ង,bhuumipaarung,hamlet,105.0525339,11.6074621
116,ភ ម ខ ន ក រ,bhuumikhnookaar,hamlet,105.06311,11.6174528
116,ភ ម ព រ ច ស,bhuumibraicaas,hamlet,105.0586623,11.6853623
116,ភ ម ក ពង ជ រ ថ ម,bhuumik bngjraithmii,hamlet,104.819729,10.7885433
116,ភ ម ឆ ក ស ល ប,bhuumichkaeslaap,hamlet,104.791672,10.7902565
116,ភ ម ព រ កត ប រ ង,bhuumiibraektaapraa ng,hamlet,105.1538318,11.5302032
116,ឃ ភ ម ធ,ghu bhuumidh,village,105.1887109,11.5107159
116,ភ ម ព រ កក រ ច,bhuumibraekkruuc,hamlet,105.1644687,11.5284093
116,ឃ ប ងគ រ,ghu pynggru,village,105.1701939,11.4795981
116,ឃ ទ កឃ ល ង,ghu dykghlaa ng,village,105.1410705,11.4970498
116,ភ ម ត រព ងម ន,bhuumitrbaa ngmaan,hamlet,104.8240377,11.5742972
116,ភ ម ជ ងទង,bhuumijaangdng,hamlet,104.8330053,11.5837376
116,ភ ម វ ម នទ រង,bhuumivimaandrng,hamlet,104.838588,11.5815961
116,ភ ម ស វណ ណស គរ,bhuumisuvnnnnsaagr,village,104.19204,10.6065669
116,ភ ម ទ លត ប ង,bhuumidualtpaeng,hamlet,104.1767816,12.3039984
116,ភ ម ច មច ស,bhuumicaamcaas,hamlet,104.1822592,12.3019019
116,ភ ម ក ពង ស ម,bhuumik bngsiimaa,hamlet,103.19328,13.0568635
116,ភ ម បត ស ល,bhuumiptsaalaa,hamlet,103.1576003,13.0070791
116,ភ មប យដ រ,bhuuimpaayt raa,hamlet,103.1607802,12.9977916
116,គ កត រ ច,gooktraac,village,104.0032926,13.3551014
116,ឃ គគ រ,ghu ggiir,village,105.0574279,11.5069608
116,ល ភ ម ទ លត ន ត,l bhuumi dualtnoot,village,105.0479221,11.5017882
116,ភ ម ស រ ខ វ វ,bhuumisr khvaav,hamlet,103.9957981,13.579463
116,ភ ម រហ ល,bhuumirhaal,hamlet,104.2559093,13.610461
116,ភ ម ប ក ក,bhuumipaakkaa,hamlet,104.8902585,13.7835658
116,ត រព ងល ក ខណ,trbaa nglkkhnn,village,105.3260243,12.1062462
116,ភ ម ព រ គ ថ ម,bhuumibr goothmii,hamlet,103.8358472,13.4950212
116,ឃ រ ល,ghu roel,village,103.7673134,13.54893
116,ឃ ព ក ស ន ង,ghu baaksnaeng,village,103.8948941,13.6150082
116,ភ ម ច បក,bhuumic pk,hamlet,104.8883433,11.3432917
116,ភ ម ខ វ ន ម ស,bhuumikhvaanmaas,hamlet,104.8757919,11.3388268
116,ភ ម ឃ ល ងសម បត ត,bhuumighlaa ngsmptti,hamlet,104.873453,11.3347453
116,ភ ម ពត ស,bhuumibts,hamlet,104.8995885,11.3349346
116,ភ ម ខ ល ក ន,bhuumikhlaakuun,hamlet,104.9028286,11.3302218
116,ភ ម ក រ ងព ធ,bhuumikraa ngboodhi,hamlet,104.9088582,11.317135
116,ភ ម កណ ដ ល,bhuumiknntool,hamlet,104.9159392,11.3201648
116,ភ ម ក រ ច,bhuumikruuc,hamlet,104.9151667,11.3257193
116,ភ ម ព រ កជ ងព រ,bhuumibraekjaangbr,hamlet,104.9827889,11.5333209
116,ភ ម ព រ កឯង,bhuumibraekeng,hamlet,104.9893448,11.5325039
116,ភ ម ក ប លជ រ យ,bhuumikpaaljrooy,hamlet,104.9880777,11.5359703
116,ភ ម ម ត តភ ព,bhuumimittbhaab,hamlet,104.9875331,11.5255354
116,ភ ម ក ពង,bhuumik bng,hamlet,104.8685153,10.6443813
116,ភ ម ទន ល ប,bhuumidnlaap,hamlet,104.8397997,10.5527988
116,ភ ម ន ស គ រ,bhuuminaasaagiirii,hamlet,104.8441047,10.55386
116,ភ ម ដ មអង ក ល,bhuumitoemqngkool,hamlet,104.8444056,10.5578238
116,ភ ម ដ មរ ដ ល,bhuumitoemr tael,hamlet,104.8477343,10.5598921
116,ភ ម ស ម,bhuumisoom,hamlet,104.8527614,10.5621789
116,ភ ម ព ងពង,bhuuuumibiingbng,hamlet,104.8533445,10.5674157
116,ភ ម ថ ម,bhuumithmii,hamlet,104.8589823,10.5703881
116,ភ ម ព រ ល,bhuumibraal,hamlet,104.8671894,10.5736871
116,ភ ម ស រ ក ស,bhuumisraekaes,hamlet,104.8712371,10.5772641
116,ភ ម ទ លពង រ,bhuumidualbngr,hamlet,104.8767925,10.5809069
116,ភ ម ស រ ឃ ម ញ,bhuumisraeghmuany,hamlet,104.8948393,10.5567842
116,ភ ម ត រព ងពង ទ ក,bhuumitrbaa ngbngdyk,hamlet,104.8757357,10.5924946
116,ភ ម ត រព ងរ ដ ល,bhuumitrbaa ngr tual,hamlet,104.7393537,11.1797549
116,ភ ម ព រ រក រ,bhuumi brairkaar,hamlet,104.733713,11.5163441
116,ភ ម ត រព ងវ ង,bhuumi trbaa ngvaeng,hamlet,104.7279452,11.512601
116,ភ ម ស ងដ រ,bhuumi saa ngt rii,hamlet,104.7320864,11.5232493
116,ភ ម ត រព ងជ ន,bhuumi trbaa ngjuan,hamlet,104.7329421,11.51711
116,Tang Krasang,tang krasang,village,105.0466829,12.5675175
116,អន លង ផ ស ត,qnlngphsoot,village,105.9491773,13.9274482
116,ភ ម អន លង ជ រ,bhuumiqnlngjrai,hamlet,105.829924,11.6359463
116,ភ ម ស រ ងទ វ,bhuumis roongdaav,hamlet,104.8407841,11.5950631
116,ភ ម ព រ ម ល,bhuumibraimuul,hamlet,104.8372468,11.591889
116,Peam Montea,peam montea,village,105.5000353,10.9550434
116,ភ ម គ រ ស,bhuumi gruas,village,103.8347711,13.36489
116,Svay Chuk,svay chuk,village,104.6705031,12.1539724
116,Anlong Thom,anlong thom,village,104.1660011,13.5382306
116,ភ ម ប រជ អង គ,bhuumiprju qngg,hamlet,104.8993889,11.4209491
116,ភ ម គ ករម ត,bhuumigookrmiet,hamlet,104.8983804,11.4091495
116,ភ ម រ យដប,bhuumiraaytp,hamlet,104.8795564,11.4066064
116,ភ ម កណ ដ ក,bhuumiknntook,hamlet,104.881037,11.4007379
116,ភ ម រ នថ ម,bhuumiraanthm,hamlet,104.8693856,11.40729
116,ភ ម ច បក,bhuumic pk,hamlet,104.8649868,11.399907
116,ភ ម ក ប លស,bhuumikpaalse,hamlet,104.8562321,11.4038246
116,ភ ម ច រ,bhuumicaar,hamlet,104.8503097,11.3997598
116,ក រ ងស រឡប ដ នត ព ជ យព រ នគរ,krungsrlptuuntiibijybraingr,town,105.742332,11.7970495
116,ភ ម ផ ទ កណ ដ លក រ ម,bhuumiphd knntaalkroom,hamlet,105.1260434,11.846426
116,ភ ម ផ ទ កណ ដ លល,bhuumiphd knntaalloe,hamlet,105.131837,11.8513611
116,Angkor Chey,angkor chey,village,105.7342776,11.8867129
116,Ponley Phsar,ponley phsar,village,105.7280204,11.8311903
116,រ វ,riev,village,105.6353313,11.8845665
116,Stueng Penh,stueng penh,village,105.5908048,11.8741176
116,Tuol Vihear,tuol vihear,village,105.5266648,11.9574325
116,Prek Kak,prek kak,village,105.5305226,12.2258739
116,ភ ម ទ ន,bhuumidaen,hamlet,104.7624543,11.455941
116,ប រ ស ទព រ វ ហ រ,praasaadbr vihaar,hamlet,104.6758775,14.3989364
116,Ang Thom,ang thom,village,104.1110586,13.5658709
116,Popel,popel,hamlet,104.1352773,13.5851294
116,ភ ម ប រធ ត,bhuumiprdhaatu,hamlet,105.7611233,11.848522
116,ភ ម ខ ន រ,bhuumikhnaar,hamlet,105.7378527,11.8635093
116,Ban Houy,ban houy,village,106.3529464,14.0274496
116,ភ ម ត រព ងរក,bhuumitrbaa ngrkaa,hamlet,104.7683683,11.7487838
116,ភ ម ព រ កសង ក,bhuumibraeksngkae,village,103.911652,10.6432278
116,ភ ម ស វ យ,bhuumisvaay,hamlet,104.7914442,11.6752934
116,ភ ម ស ត កត ច ន,bhuumistuktaacaan,hamlet,104.7837679,11.6726036
116,ភ ម ប រ ស ទ,bhuumipraasaad,hamlet,104.7970113,11.6769657
116,ភ ម ក ក ប,bhuumikaakaap,hamlet,104.7959599,11.6812944
116,ភ ម ត អ ក,bhuumitaaqook,hamlet,104.7902307,11.6911705
116,ភ ម ពព,bhuumiibbae,hamlet,104.7983846,11.7229606
116,ភ ម ជ រ ល ស,bhuumijrailaas,hamlet,104.7885409,11.7271101
116,ឃ ស រង,ghu srngae,village,105.1493395,12.0607274
116,ភ ម អន លង ជ រ,bhuumiqnlngjrai,hamlet,104.4225533,11.7535325
116,ស ល សង ក ត ត រព ង ក រស ង,saalaasngkaattrbaang krsaa ng,hamlet,104.8410685,11.553728
116,Don Lo,don lo,village,106.3599945,14.0449809
116,Okrak,okrak,hamlet,105.9619126,13.2049161
116,ភ ម ច រ,bhuumicaar,hamlet,104.7866477,11.1966767
116,ក ពង ល ង,k bngluang,village,104.2079934,12.5643045
116,ព រ ង,briing,village,105.6320772,11.8892029
116,ត រព ងប ញស ស,trbaa ngpnyssii,village,105.3729782,12.3314845
116,ត រព ងល ព,trbaa nglbau,village,105.3842048,12.3090909
116,ឃ ព រ កប ប ស,ghu braikppaas,village,104.9464702,11.09663
116,ភ ម ដ មថ ក វ,bhuumitoemthkuuv,village,103.3095634,10.7111443
116,ភ ម ត រព ងរន ម,bhuumitrbaa ngrnaam,hamlet,104.7706083,11.6279176
116,អ ររណ,quurrnnaa,village,106.8853932,12.1662052
116,ស រ ព រ,sraebr,village,106.8793238,12.1884884
116,ស រ ខ ទ ម,sraekhdum,village,106.8751427,12.1814318
116,ស រ អ ព ល,sraeq bil,village,106.8453429,12.1855423
116,ព ច,buucaa,village,106.8588734,12.209983
116,អ រច រ,quurcraa,village,106.8489805,12.2383412
116,ព ក ង,buukung,village,106.844226,12.2840639
116,ស រ ល វ,sraelvii,village,106.9124348,12.1843456
116,ហ គ ទ,hgaadii,village,106.950495,12.2310413
116,អណ ដ ងក រឡ ង,qnntuungkrlyng,village,107.0388095,12.3192025
116,ឆ ន ង,chnaeng,village,106.7931333,12.1430236
116,Daun Pheu,daun pheu,hamlet,104.705649,10.9038163
116,ភ ម ព ត ង,bhuumibuutaa ng,village,107.1635457,12.4131913
116,Pahlung,pahlung,village,107.2445884,12.4886339
116,Chan Mul,chan mul,hamlet,106.2402713,11.7382604
116,Leah Kraom,leah kraom,hamlet,106.2781763,11.715034
116,Boeung Chroung,boeung chroung,hamlet,106.2722433,11.7074648
116,Sankor,sankor,village,104.7202948,12.8115196
116,ព រ ទទ ង,braiddyng,village,105.2594948,12.0601586
116,ឃ កន ទ ត,ghu knduat,village,104.6097563,14.2317726
116,ភ ម ធ លក,bhuumidhlk,hamlet,104.7760105,12.4147414
116,ក រ ងច ប រមន,krungcpaarmn,city,104.5194625,11.4647156
116,ស រ កម ងខ ត តប តដ បង,srukmoongkhettpaatt png,village,102.5124394,12.8628291
116,ព នប រម ត,buanprmaat,village,105.3294491,12.1048444
116,ក ស វ យ,koo svaay,village,105.3286348,12.0831895
116,គ រ,guur,village,105.3118021,12.0953677
116,ក ក ភ ម,koo kaabhem,village,105.3227793,12.0881886
116,ត លន,taaln,village,105.2983844,12.0883649
116,អង,qng,village,105.2987961,12.0985486
116,ក រ ង,k raeng,village,104.1130402,12.3510332
116,ឃ ក រ ងស គ,ghu kraa ngsgaa,village,104.4186963,12.1639482
116,ភ ម ក ត ល,bhuumiktul,village,104.2790792,12.2391108
116,ប ណក,p nnk,town,104.1743475,12.2966124
116,ភ ម អ រស ព ន,bhuumiquursbaan,hamlet,104.108853,12.3592559
116,ភ ម ស រ ង,bhuumis roong,village,104.7290781,12.0151968
116,ភ ម ឡរព ង,bhuumilrbaang,hamlet,104.7197205,12.0299283
116,ភ ម ក រ ង ត ម,bhuumikraa ng taamu,village,104.5678358,12.127629
116,ប ត ដ ង,paattyng,town,104.6990775,11.6844267
116,Khum Trach Tong,khum trach tong,village,104.6457191,11.7168966
116,ថ នល ទទ ង,thnlddyng,town,104.6643671,11.496285
116,ស រ កភ ន ស រ ច,srukbhn sruac,town,104.3780487,11.3879569
116,ភ ម ជ អ ក,bhuumijiiqook,village,105.090089,12.3740432
116,Thmor Sor,thmor sor,village,103.4056475,10.8915208
116,ភ ម កក,bhuumi kkoo,village,103.3993515,12.8414059
116,ខណ ឌប ងក ងកង,khnndpyngkengkng,town,104.9113011,11.5489263
116,ខណ ឌក ប ល,khnndk puul,town,104.770603,11.5363753
116,សង ក ត ក ក បទ,sngkaatkaakaapdii2,village,104.8312223,11.5616803
116,សង ក ត ច មច ទ,sngkaatcoomcaudii2,village,104.8335396,11.5187076
116,សង ក ត ប ងទ ព នទ,sngkaatpyngd bundii2,village,104.9093281,11.5229125
116,សង ក ត ស ទ ងម នជ យទ,sngkaatsdyngmaanjydii3,village,104.8761117,11.5347705
116,សង ក ត ស ទ ងម នជ យទ,sngkaatsdyngmaanjydii1,village,104.8880421,11.5429278
116,សង ក ត គ កឃ ល ង,sngkaatgookghlaang,village,104.8608338,11.583963
116,សង ក ត អ រប កក អម,sngkaatquurpaekkqm,village,104.8746526,11.5508326
116,សង ក ត ទ លសង ក ទ,sngkaatdualsngkaedii2,village,104.8955952,11.5994337
116,សង ក ត ទ លស វ យព រ ទ,sngkaatdualsvaaybraidii1,village,104.9094569,11.5496658
116,សង ក ត ផ ស រដ មថ ក វ,sngkaatphsaartoemthkuuv,village,104.9192416,11.5307758
116,សង ក ត ជ ងឯក,sngkaatjoengek,village,104.9036406,11.4882678
116,សង ក ត ក រ ងពង រ,sngkaatkraa ngbngr,village,104.8042486,11.4467139
116,សង ក ត គ ឡ ម ត រល ខ,sngkaatgiiluumaetrlekh6,village,104.9051856,11.6192823
116,សង ក ត ព រ កត ស ក,sngkaatbraektaasek,village,104.8841571,11.6555149
116,Svay Thom,svay thom,village,103.9163303,13.3532846
116,ភ ម បន ទ យច រ ឃ ឆ ន ល ម ន ស រ កគ ស ក រឡ ខ ត តប ត ដ បង,bhuumi pndaaycaar ghu chnaalmaan srukgaaskrl khettpaatt png,village,103.2172926,12.7193228
116,Changha Svay,changha svay,village,103.0990933,12.8717901
116,ភ ម ក ប លដ រ,bhuumikpaalt rii,hamlet,104.733156,11.772787
116,រ ង,roong,village,105.5533788,10.9767316
116,ប រ ដ ច,pr taac,hamlet,105.5478772,11.0022779
116,ក ធ,kaadh,hamlet,105.5565656,10.9946552
116,វ ល,vaal,hamlet,105.5517348,11.0164295
116,រល ស,rluas,hamlet,105.5676572,11.0159015
116,ជ ព យ,jiibaay,hamlet,105.5750081,11.0239842
116,ច ម,caam,hamlet,105.5447847,10.9901888
116,ព រ កន ស,braiknsaa,hamlet,105.5395481,11.0073382
116,ភ ម ស វ យស,bhuumisvaays,village,102.9424981,12.8694628
116,ភ ម ត ង កណ ត ល,bhuumitaangauknntaal,village,104.9500595,11.5211509
116,ភ ម ព រ កត រ ង,bhuumibraektraeng,village,105.3094757,11.1551054
116,Banteay Srah,banteay srah,village,103.695394,13.4674244
116,ឃ អណ ដ ងព ធ,ghu qnntuungboodhi,village,105.1489656,12.2933354
116,Kasko,kasko,village,105.3210446,10.8700703
116,ភ ម ស រ ងជ ងស រ កម មត ខ ត ដត ប ងឃ ម,bhuumis roongjeiingsrukmemtkhetttpuungghmu,hamlet,106.119919,11.8049351
116,ប ត ដ បង,paatt png,city,103.1997598,13.1020287
116,ភ ន ស រ ក,bhn sruk,town,103.3390616,13.7436658
116,ព រ ស រឡ,braisrlau,village,105.4951613,11.8088579
116,ភ ម ស វ យត ឡក,bhuumi svaaytaalk,village,105.4871546,11.8152341
116,ភ ម ស វ យរល ស,bhuumi svaayrluas,village,105.4873528,11.8181718
116,ភ ម ទ លត ល ប,bhuumi dualtaalaap,village,105.4747958,11.8192526
116,ភ ម ម សស ន ហ,bhuumi maassneh,village,105.4939641,11.8224257
116,ភ ម ប សល ហ ង,bhuumi puslhung,village,105.4703319,11.7991677
116,ភ ម ទ លទន ស ង,bhuumi dualdnsoong,village,105.4765003,11.7906652
116,ភ ម ទ ព ងឫស ស,bhuumi d baa ngryssii,village,105.4800308,11.7871817
116,ប ងព រ លល,pyngbrualloe,village,105.5531437,12.0657972
116,ទ លក ពតទ,dualk btdii 1,village,105.5513198,12.0584948
116,ព រ កព ម,braekbaam,village,105.5473409,12.1007281
116,ព មក ន ង,baamknung,village,105.5507071,12.1034329
116,ក ពង ចន ល ល ច,k bngcnlu lic,village,105.5465663,12.0943193
116,ព រ កផ ដ,braekphtau,village,105.5510267,12.0844514
116,ក ពង ចន ល ក ត,k bngcnlu koet,village,105.5510267,12.0805424
116,បទស ល ស ន ម,pdslaasnaam,village,105.5629191,12.1089002
116,ភ ម ទ,bhuumidii4,village,105.5470006,12.1218802
116,ត ប ង,taapaang,village,105.5809876,12.0937656
116,ឈ ទ ល ទ,jhoedaal dii 1,village,105.5910151,12.0811994
116,រ ដ ឡ ង,raa t lyng,village,105.5858432,12.0771206
116,ឈ ទ លទ,jhoedaaldii 2,village,105.5907187,12.0739239
116,ឈ ទ លត ច,jhoedaaltuuc,village,105.5843688,12.0638255
116,ភ ម ទ,bhuumidii6,village,105.5471975,12.1099157
116,ភ ម ទ,bhuumidii5,village,105.5476454,12.1161633
116,ភ ម ទ,bhuumidii3,village,105.5481471,12.1288171
116,ភ ម ទ,bhuumidii2,village,105.5589446,12.1275788
116,ភ ម ទ,bhuumidii1,village,105.5649456,12.1401078
116,ថ មព ជ រទ,thmbejrdii2,village,105.5974787,12.0310516
116,ថ មព ជ រទ,thmbejrdii1,village,105.6068808,12.0293291
116,រ ងគ,roonggoo,village,105.5935119,12.0027995
116,ព ក,boek,village,105.5757043,12.0073917
116,ភ ម,bhuumi 87,village,105.6179221,12.0060114
116,ម រ មទ ក,mraamdaak,village,105.5621349,11.9293039
116,ស អ ត,sqaat,village,106.3211546,12.0452129
116,អង គរក ន ង,qnggrknung,village,105.7575321,11.7932143
116,ព ធ ធ,boodhidh,village,105.7278168,11.7984041
116,អង គរក រ,qnggrkrau,village,105.723654,11.7928169
116,អង គរល,qnggrloe,village,105.7217545,11.7834706
116,ភ ម,bhuumi 4 16,village,105.7097058,11.9608799
116,ក ប លអ រ,kpaalquur,village,105.7156358,11.959579
116,ភ ម,bhuumi 2 17,village,105.716527,11.9401131
116,ស ម ញ,smoony,village,105.7449486,11.9376409
116,ថ ល ងពង រ,thlungbngr,village,105.745175,11.9444299
116,ល វ ធ,lvaadh,village,105.745726,11.9529736
116,ល វ ត ច,lvaatuuc,village,105.7454938,11.964386
116,ស,se,village,105.7426185,11.9681644
116,ទ លវ ហ រម នជ យ,dualvihaarmaanjy,village,105.7415027,11.9723206
116,ស ប រ,s puar,village,105.7340324,11.9716807
116,កណ ដ ល,knntaal,village,105.7315675,11.9762259
116,ត រព ងប,trbaa ngpii,village,105.7432305,11.9775728
116,វ លទ កច ញ,vaaldykceny,village,105.7607232,11.976558
116,ដ ណ ក ពព ល,t nnaakbbel,village,105.7417661,12.0024623
116,ក ច ស,koo caas,village,105.4541575,11.9632098
116,ក ប ន ក,koo paen k,village,105.4566905,11.9586987
116,ក ប ន ខ,koo paen kh,village,105.4543039,11.9538712
116,ក ប ន គ,koo paen g,village,105.4500968,11.9459765
116,ក ពង ត រ ក រ ម,k bngtru kroom,village,105.4369724,11.9480795
116,ស វ យជ រ,svaayjru,village,105.4356275,11.9440955
116,ក ដ ច,koo taac,village,105.4432778,11.9394141
116,ក ព រល ង,koo brluung,village,105.4332425,11.9355696
116,ក ក ក ក,koo kuk k,village,105.3892119,11.9257674
116,ភ ម ទ,bhuumidii9,village,105.3930493,11.9217551
116,ទន ល ប ទល,dnlepidloe,village,105.4764526,11.9762796
116,ទន ល ប ទក រ ម,dnlepidkroom,village,105.4768504,11.9665086
116,ទន ល ប ទ,dnlepid,village,105.4770383,11.9608226
116,ព រ កជ ក,braekjiik,village,105.4746295,11.9368931
116,ទ លខ ស ច,dualkhsaac,village,105.4719043,11.9309519
116,ភ ម ទ,bhuumidii1,village,105.4485036,11.9240638
116,រក ធ,rkaadh,village,105.4831226,12.0057033
116,ជ រ ទ ក រ ម ទ,jiiroodkroom dii 1,village,105.4883337,12.0103373
116,ជ រ ទ ក រ ម ទ,jiiroodkroom dii 2,village,105.4942338,12.0128168
116,ជ រ ទ កណ ដ ល,jiiroodknntaal,village,105.4955652,12.0192108
116,ជ រ ទ ល,jiiroodloe,village,105.5056731,12.0297202
116,ជ រកណ ដ ល,juarknntaal,village,105.5084767,12.0249172
116,ក ពង ឫស ស,k bngryssii,village,105.5122447,12.025249
116,ព រ កត ច,braektuuc,village,105.4750289,11.9927822
116,ទ លក វ,dualkaev,village,105.5233062,12.0083957
116,ស ទ ងត រ ង,sdyngtraeng,village,102.6084237,13.6194484
116,Krauch,krauch,village,107.1041798,13.7589207
116,ភ ម ក រឡ ញ,bhuumikrlaany,hamlet,104.6689373,11.786248
116,Thlea M'am,thlea m'am,village,104.0554132,12.5261564
116,Srayang,srayang,village,104.552512,13.7030855
116,ភ ម ដ បក រស ង,bhuumi tupkrsaa ng,village,103.3756292,12.8850071
116,ភ ម ព រ ត ច,bhuumi braituuc,village,103.371394,12.8952119
116,ភ ម ក នខ ល ង,bhuumi kuunkhlung,village,103.3624153,12.9188425
116,ភ ម ស ល ត រ វ,bhuumi saalaatraav,village,103.3528277,12.9406776
116,ភ ម ក ច រទ,bhuumi kaacrde,village,103.3450627,12.9524512
116,ភ ម អ សទ ក,bhuumi quusduk,village,103.3407336,12.9590592
116,ភ ម ក ប លថ នល,bhuumi kpaalthnl,village,103.328653,12.9797735
116,ភ ម ស រ ក វ,bhuumi sr kaev,village,103.3134529,13.0114492
116,ភ ម ក ពង ព រ,bhuumi k bng br,village,103.2996288,13.0315764
116,ភ ម បញ ញ,bhuumi pnynyaa,village,103.2849947,13.03917
116,ឃ ស មរ ប,ghu siemraap,town,104.8631244,11.4020975
116,Chư Hem,chu hem,hamlet,107.3856856,14.1280758
116,Thôn,thon 8,hamlet,107.3760728,14.0127535
116,Thôn,thon 7,hamlet,107.3950231,14.0807904
116,Thôn,thon 6,hamlet,107.3786128,14.0920405
116,Thôn,thon 1,hamlet,107.4110264,14.0041292
116,Hòn Tre,hon tre,village,104.3315716,10.3167095
116,Tà Êm,ta em,village,104.6907666,10.5256974
116,Nha Sáp,nha sap,village,104.7216175,10.5162229
116,Đồng Cừ,dong cu,village,104.6810269,10.526336
116,Cống Cả,cong ca,village,104.703513,10.5220346
116,Tân Thạnh,tan thanh,village,104.6104127,10.5173854
116,Khánh Hòa,khanh hoa,village,104.6472096,10.5276577
116,Hòa Khánh,hoa khanh,village,104.6005355,10.5320969
116,Rạch Gỗ,rach go,village,104.5729982,10.4901651
116,ភ ម ព រ ព រ ងខ ងត ប ង,bhuumibraibriingkhaangtpuung2,village,104.821015,11.526002
116,ភ ម ព រ កទ ល,bhuumibraekdaal,village,103.9118671,10.6672293
116,ភ ម ក ពង ច ន,bhuumik bngcin,village,103.9025223,10.6899812
116,ភ ម ព រ កប រស,bhuumibraekprs,village,103.9214265,10.6231809
116,ភ ម ព រ កផ អ វ,bhuumibraekphqaav,village,103.8865256,10.7143337
116,ភ ម ក ពង ស ម ច ត ច,bhuumik bngsmaactuuc,village,103.876702,10.702722
116,ភ ម ទ ល,bhuumidual,village,103.8899159,10.7088309
116,ឃ ទ នប រលក,ghu d nprlk,town,103.6271453,10.741193
116,ឃ អ រត រ,ghu quurtre,town,103.6212248,10.7259516
116,ភ ម ប រគ,bhuumipaarguu,village,104.8223591,11.4136092
116,ភ ម ស វ យល ច,bhuumisvaaylic,village,104.83142,11.408971
116,ភ ម ឃ ម ត,bhuumighmut,village,104.814248,11.4147871
116,ភ ម អ រអណ ដ ង,bhuumiquurqnntuung,village,104.8197412,11.4329172
116,ភ ម អន លង រម ត ខ ងជ ង,bhuumiqnlngrmietkhaangjoeng,village,104.807843,11.4294153
116,ភ ម អន លង រម ត,bhuumiqnlngrmiet,village,104.8057079,11.4230741
116,ភ ម ក ពង ទ ល,bhuumik bngdual,village,104.8013305,11.4327068
116,ភ ម ស វ យម ង,bhuumisvaaymiing,village,104.8138618,11.4290052
116,ភ ម ត ប ងក ដ,bhuumitpuungktii,village,104.818454,11.421539
116,ភ ម ព ធ ដ,bhuumiboodhitu,village,104.824017,11.420855
116,ភ ម វ លកណ ដ ល,bhuumivaalknntaal,village,104.824204,11.418021
116,บ านเขาช องแคบ,baanekhaach ngaekhb,village,102.3446769,13.4100043
116,Đắk Huýt,dak huyt,village,107.3695799,12.2667716
116,Bu Sóp,bu sop,village,107.3865608,12.2558285
116,Bu Prăng A,bu prang 2a,village,107.3758375,12.2521749
116,Bu Prăng,bu prang 2,village,107.3132156,12.2881533
116,Bu Prăng A,bu prang 1a,village,107.3772302,12.2598642
116,Bu Prăng,bu prang 1,village,107.3486083,12.2839908
116,Bu Nung,bu nung,village,107.3717141,12.2541035
116,Bu Lum,bu lum,village,107.4061501,12.2193074
116,Bu Krắk,bu krak,village,107.3694969,12.259051
116,Bu Dăr,bu dar,village,107.3814004,12.2626418
116,Thôn,thon 2,village,107.4183751,12.205768
116,Tuy Đức,tuy duc,village,107.4388315,12.2286211
116,Thuận Trung,thuan trung,village,107.4902974,12.3008156
116,Thuận Tình,thuan tinh,village,107.5284658,12.2959919
116,Thuận Thành,thuan thanh,village,107.5628663,12.3228778
116,Thuận Nghĩa,thuan nghia,village,107.5175251,12.2970093
116,Thuận Nam,thuan nam,village,107.5360329,12.3128819
116,Thuận Lợi,thuan loi,village,107.5296186,12.3040238
116,Thuận Hòa,thuan hoa,village,107.55059,12.3203277
116,Thuận Bình,thuan binh,village,107.4977452,12.2855769
116,Thuận Bắc,thuan bac,village,107.5180893,12.3114537
116,Thôn,thon 8,village,107.4825583,12.2681812
116,บ านโคกสะแบง,baanokhksaaebng,village,102.5778768,13.625756
116,บ านเน นสมบ รณ,baaneninsmbuurn,village,102.5202453,13.5777989
116,บ านโสนน อย,baanosnn y,village,102.5477486,13.6461128
116,บ านหนองเอ ยน,baanhn nge iiyn,village,102.6143088,13.6111908
116,บ านใหม ปากฮ อง,baanaihmpaakh ng,village,102.5661029,13.5900057
116,บ านแสนส ข,baanaesnsukh,village,102.5554706,13.5807033
116,Thuận Thành,thuan thanh,village,107.5793573,12.4083945
116,Thuận Nam,thuan nam,village,107.571406,12.3937627
116,Thuận Bắc,thuan bac,village,107.5792714,12.4271334
116,Tân Trung,tan trung,hamlet,106.1869149,11.7163372
116,Tân Kiên,tan kien,hamlet,106.1812207,11.7202345
116,Tân Dũng,tan dung,hamlet,106.1860311,11.7140656
116,Tân Cường,tan cuong,hamlet,106.1617449,11.7260109
116,Tầm Phô,tam pho,hamlet,106.208276,11.7201079
116,Suối Dầm,suoi dam,hamlet,106.2481246,11.685442
116,Kà Ốt,ka ot,hamlet,106.2099194,11.6912451
116,Đông Tiến,dong tien,hamlet,106.2172505,11.6719983
116,Đông Thành,dong thanh,hamlet,106.2422101,11.6696776
116,Đông Hiệp,dong hiep,hamlet,106.2234213,11.6694267
116,Đông Hà,dong ha,hamlet,106.2491522,11.6930871
116,Đông Biên,dong bien,hamlet,106.2301073,11.7024589
116,Khamphoet,khamphoet,village,105.6663644,14.1079475
116,บ านผ กกาด,baanphakkaad,village,102.4892918,12.9263735
116,Phum Thmey,phum thmey,hamlet,105.8514745,11.8157933
116,ស ម ច ដ ង,smaactaeng,village,103.6505267,10.5854164
116,ព រ កអ ព ល,braekq bil,village,105.0249629,11.2440933
116,บ านส แยกท นใจ,baansiiaeykthanaicch,hamlet,102.3322884,13.5639449
116,ព រ គគ រ,braiggiir,village,106.0624865,11.013416
116,ម សរថ ងក,mesrthngk,village,106.1245233,10.9842193
116,ច រ ស,cres,village,106.0652196,10.928651
116,ញរ,nyr,hamlet,105.9406739,10.9191648
116,ថ ម,thmii,village,105.9275365,10.8767337
116,ត ន ត,tnoot,village,106.0505801,10.8992011
116,ស ឡ,s lii,village,106.0202819,10.9482178
116,ស វ យត យ ន,svaaytaayaan,village,105.9668255,11.013229
116,ព រ ពន ល,br bnlaa,village,105.8843341,11.0082925
116,ខ ស ត រ,khsaetr,village,105.9613913,10.9226096
116,រ ជមន ទ រ,raajmndiir,village,105.8895564,10.9329121
116,ស យ ង,s yoong,village,105.8431434,10.9669775
116,ព រ ធ,braidh,village,105.8686244,10.9831555
116,បន ទ យក រ ង,pndaaykraa ng,village,105.8702472,10.9434566
116,ប រស ត រ,prsuutr,village,105.9274828,11.0105909
116,កណ ដ ងរ យ,knntiengraay,village,105.9365568,11.0551904
116,ស ប រ,s puar,village,105.8907473,11.0740802
116,រម ងថ ក ល,rmaa ngthkool,village,105.8647513,11.0966299
116,ស វ យរ ព រ,svaayr baar,village,105.8710706,11.1473032
116,គគ ស ម,ggiisoom,village,105.9361142,11.158361
116,ព រ ត អ,braitaaqii,village,105.9905684,11.1360819
116,ពព ត,bbaet,village,106.0008573,11.0957455
116,មន រម យ,mnoormy,village,106.0404897,11.1042786
116,ពងទ ក,bngdyk,village,105.8930594,11.1815437
116,ប សមន,pusmn,village,105.8729267,11.2369034
116,ថ ន ធ នង,thnaadhnng,village,105.8596122,11.278772
116,ក ពង អ ព ល,k bngq bil,village,105.8282465,11.2810947
116,ជ រ ងពព ល,jrungbbel,village,105.8235392,11.2415178
116,សង ក,sngkae,village,105.8196983,11.2074581
116,ក ពង ចក,k bngck,village,105.823161,11.1608031
116,ស វ យច ក,svaaycek,village,105.7940483,11.1834803
116,ម នជ យ,myynjy,village,105.747925,11.2269616
116,ធ ម,dhmaa,village,105.7512993,11.2754551
116,គគ រ,ggiir,village,105.8737099,11.4307403
116,អ ព ល,q bil,village,105.8130759,11.4788839
116,ក ពង ត រ ច,k bngtraac,village,105.7941288,11.411732
116,ដ ង,tuung,village,105.8668864,11.3389205
116,អណ ដ ងព ធ,qnntuungboodhi,village,105.8101201,11.3585807
116,អង គប រស រ,qnggprsrae,village,105.8224422,11.310564
116,ត រព ងស ដ,trbaa ngstau,village,105.7562506,11.3089754
116,ចន ដ រ,cntrii,village,105.7226318,11.3032627
116,ម ខដ,mukhtaa,village,105.7176912,11.3686942
116,ម រ ម,mraam,village,105.6722867,11.3596141
116,ជ រ ធ,jraidh,village,105.7165271,11.4088977
116,សម បត ដ ម នជ យ,smpttimaanjy,village,105.6984276,11.4518294
116,ស ប រ,s puar,village,105.7110581,11.4765444
116,ក រស ង,krsaa ng,village,105.7149178,11.5349455
116,អណ ដ ងត រប ក,qnntuungtrpaek,village,105.7505,11.5678308
116,ត រស,trs,village,105.8363575,11.5310875
116,ប ស ក,paasaak,village,105.8207309,11.0219382
116,ក ពង ច ឡង,k bngc lng,village,105.7457417,11.0653435
116,ព ធ រ ជ,boodhiraaj,village,105.7612932,11.153098
116,ធ លក,dhlk,village,105.7388779,11.1910135
116,ដ នស,tuuns,village,105.7249117,11.2258986
116,អង គត ស,qnggtaasuu,village,105.7072225,11.2048297
116,ស វ យអង គ,svaayqngg,village,105.6792256,11.2170508
116,គ កព រ ង,gookbriing,village,105.695284,11.1634661
116,ស វ យជ រ,svaayjr,village,105.7122838,11.1296131
116,ត ស ស,taasuas,village,105.7104278,11.1028205
116,ច បក,c pk,village,105.7013297,11.0316107
116,គ រ ស,gruas,village,105.6569767,11.0157091
116,ស វ យធ,svaaydh,village,105.6148553,11.0670177
116,ឈ ទ ល,jhoedaal,village,105.6487235,11.0952744
116,ក រ លគ,kroolgoo,village,105.6223977,11.1507217
116,ស វ យយ,svaayyaa,village,105.6352025,11.2199764
116,ពងទ ក,bngdyk,village,104.3690711,10.5292796
116,អង ក ល,qngkool,village,104.3834987,10.4941258
116,ភ ម អង គរ ព ក,bhuumiqnggr baak,hamlet,104.7212871,11.045669
116,Tasang,tasang,village,102.8542944,12.5983968
116,ជ ងភ ន,joengbhn,village,104.0564773,14.3422874
116,អ រប ជ ន,quurpiijaan,village,102.7360511,13.7743321
116,บ านโนนสาวเอ,baanonnsaawe,village,102.4411865,13.5720338
116,ព រ ច ន,braicaan,village,102.7409005,13.8171868
116,អ នស,qaanse,village,104.9645993,14.3882028
116,បត រ ដ ល,ptr tual,town,103.7291888,12.421276
116,ភ ម ឥស ល ម,bhuumiislaam,hamlet,103.9228062,12.5447331
116,ភ ម រល ងបណ ត យ,bhuumirlaa ngpnntooy,village,104.0681412,12.6034336
116,ប ងខ ន,pyngkhnaa,town,103.7257172,12.6356792
116,O Ta Porng,o ta porng,town,103.6720563,12.6606796
116,រ ងទ ល,raa ngdil,town,104.0070865,12.7848989
116,ត ល,taaloo,town,103.6531984,12.4887941
116,ថ ល កដង ក,thluktngkoo,village,103.6987248,12.4574683
116,ត ស ស,taasaas,village,103.7499688,12.454422
116,ស ន មព រ,snaambr,village,103.8416583,12.5680158
116,រហ លទ ល,rhaaldil,village,103.591006,12.4824586
116,ប ងប រ,pyngprii,village,103.783289,12.5692947
116,ប ក ច ញ ច ន,paakcinycien,village,103.7852151,12.4611116
116,រល ស,rluas,village,104.0515752,12.5959073
116,ដ ណ ក អ ព ល,t nnaakq bil,village,103.801968,12.489772
116,ទទ ងថ ង,ddyngthngai,village,104.0154188,12.4304387
116,ក ពង រ ទ,k bngroodi,town,105.9407818,10.9203238
116,អ រប ក រង,quurpaakrng,hamlet,103.9335302,12.5573407
116,ព ធ ត ក យ,boodhitaakuay,hamlet,103.9154937,12.5304585
116,ព រ ញ,brainyii,hamlet,103.9224579,12.5347765
116,ស ទ ងត ច,sdyngtuuc,hamlet,103.9218877,12.521589
116,រល ប,rlaap,village,103.9166056,12.4816271
116,អ រត រ វ,quurtraav,hamlet,103.9322839,12.4780665
116,ព រ កស ត,braekstii,hamlet,103.9129944,12.5249253
116,ឃ ល ងម ង,ghlaa ngmyang,village,103.8702709,12.5409683
116,អ រស ត,quurstau,hamlet,103.8913497,12.5453111
116,រ,raa,hamlet,103.9055599,12.5384638
116,ច ក រច ក,c kaarcek,hamlet,103.9111516,12.5480019
116,ព ធ ក ប រ,boodhik poor,hamlet,103.9249999,12.5531376
116,ក ប លហ ង,kpaalhung,hamlet,103.923155,12.5476573
116,វត តល ង,vttluang,village,103.8524886,12.5073173
116,ដប ប ត,tppaat,village,103.8208338,12.5063471
116,ស រ ង,s roong,village,103.7525818,12.3865008
116,ព រ កម យ,braekmuay,village,103.7365176,12.3516863
116,រក ត,rkaat,village,103.7630639,12.3386336
116,ព រង ល,brngil,village,103.8070924,12.4025985
116,ស វ យប ក,svaaypaak,village,103.8214877,12.4124436
116,ទ លគ រ ស,dualgruas,village,103.8885708,12.4580835
116,ផ ទ រ ង,phd rung,village,103.7205941,12.3926158
116,ប តស ប,paetsip,village,102.916037,12.2689445
116,ដ ក រហម,tiikrhm,village,102.9556264,12.2730435
116,អ រកង ឡ ន,quurknglaan,village,102.9626927,12.2801853
116,អន លង រ ប,qnlngraap,village,103.016836,12.279982
116,ភ ម កណ ត ល,bhuumiknntaal,village,103.0538985,12.2807967
116,ច នយ,ciny,village,103.3901311,12.3708935
116,ទ លគ រ ស,dualgruas,village,103.3366372,12.3759961
116,ត ងយ,taa ngy,village,103.2776231,12.3852097
116,ដ នន គ,tuunnaag,village,103.2321231,12.3718751
116,ស ទ ងថ ម,sdyngthmii,village,103.1488075,12.3298969
116,វ លច ប ង,vaalc paa ng,village,103.0063581,12.5787645
116,អក សរត,qksrte,village,103.0466965,12.6480947
116,บ านอาจารย จ,baan aacchaarycchuu,village,102.5633113,13.6180355
116,บ านว งมน,baanwangmn,village,102.5678711,13.6374084
116,ប ងបត កណ ត ល,pyyngptknntool,village,103.7978471,12.6476059
116,ក ប លត ល,kpaaltool,village,103.7583159,13.0103456
116,រ ល ច,r lec,village,103.687976,12.5985431
116,ខ ន រទទ ង,khnaarddyng,village,103.7249614,12.5932331
116,ថ មដ,thmtaa,town,102.732881,12.1536257
116,ស ទ ងក ច,sdyngkaac,village,102.8672086,12.2037117
116,ក ត ខ វ វ,ktiikhvaav,village,103.8205639,12.4865667
116,ច រ នផល,c roenphl,village,103.8506776,12.4906527
116,លលកស,llks,village,103.9142381,12.5179766
116,ប ប កល ច,p paeklaac,hamlet,103.9235692,12.5309627
116,ទ លវ ង,dualvaeng,village,103.9393163,12.5068323
116,ក រ ងត ស ន,kraa ngtaasaen,village,103.9589824,12.5347537
116,ក វម ន ន,kaevmunnii,village,103.9854068,12.5525542
116,ប ងកន ទ ត,pyngknduat,village,104.0786069,12.5279948
116,អ រសណ ត ន,quursnntaan,village,104.1072415,12.5285765
116,ស ន អន ស,snaaqnsaa,village,104.1387729,12.529237
116,វ លសម ត ចយស,vaalsmtecys,village,104.1483963,12.5292003
116,ក ពង ល ង,k bngluang,village,104.2140563,12.587554
116,ក ប លត រ ច,kpaaltraac,hamlet,104.2228913,12.5292406
116,ក ប លដ រ,kpaalt rii,village,104.3803795,12.4723346
116,ក ស តប រ,ksetpurii,village,103.8207622,12.2675861
116,Phum Kok Phneou,phum kok phneou,village,103.5875413,13.7158671
116,Phum Romiet,phum romiet,village,103.72234,13.6351416
116,Nesat Village,nesat village,hamlet,103.6830003,11.0382978
116,ក ប លទ ហ ន,kpaaldaahaan,village,104.1478203,12.2491862
116,ប ងត រក ន,pyngtrkuan,town,102.8566754,13.9873762
116,ឈ កម ស,jhuukmaas,village,104.0371069,12.4782307
116,ប ងវ ល,pyngvaal,village,104.0168441,12.4418362
116,Phum Kcha,phum kcha,village,103.7403693,13.6498748
116,Phum Kok Chan,phum kok chan,village,103.6762396,13.6644477
116,ព ធ វង ស,boodhivngs,village,103.9164022,12.5729673
116,ម ទ ក,medyk,village,103.7403812,12.6954363
116,រ ង,ruung,village,103.4131039,12.560529
116,Phum Lbeuk,phum lbeuk,village,103.7332019,13.6470697
116,អ រល ក ម ស,quurlaakmaas,village,103.5074667,12.3242051
116,Bampenh Reach,bampenh reach,village,103.891204,13.5365032
116,Tuol Kok Chhouk,tuol kok chhouk,village,103.8326568,13.5388961
116,Tuol Kok Kroes,tuol kok kroes,village,103.8761979,13.5884762
116,Tuol Kok Ta Neth,tuol kok ta neth,village,103.873003,13.5515078
116,អ រដ ក,quurtekaa,village,103.4452444,12.3676742
116,ប រហ ល,prhaal,village,103.55254,12.4941167
116,ស វ យយ,svaayy,village,103.5568844,12.5047101
116,ស ត កប រវ ក,stukprvyk,village,103.5254941,12.5387482
116,ស រ ករ ក ខគ រ,srukrukkhgiirii,town,103.4907209,12.5609116
116,ព រ ខ ល ត,braikhluut,village,103.490735,12.6028427
116,ច មរអ,caamrqaa,village,103.4840389,12.6758916
116,ព រ ស វ យ,braisvaay,town,103.4981661,12.7249271
116,ក ឡ មផ ល ក,kaaloomphluk,village,103.5483063,12.7133384
116,ស រម ម ស,srmmaas,village,103.5421195,12.7001295
116,ថ នល បត,thnlpt,village,103.6047707,12.700562
116,ស រ ឈ ន ង,sr jhoenaang,village,103.5840005,12.6530566
116,ឫស ស ក រ ង,ryssiikraa ng,village,103.5757248,12.5521375
116,ម ខរ ហ,mukhraah,village,103.6051606,12.5608492
116,កញ ជរ,knyjr,village,104.0590968,12.6205792
116,បន ទ យយ ន,pndaayyuan,village,104.0068376,12.6228751
116,ប ស ក,paasaak,village,103.3279931,12.56853
